,gender,age,amount_music,life_enjoyment,resilience,balanced_life,emotional_flex,self_actualization,trauma,total_health,health_categorical,energy,dance,liveness,valence,tempo,instrumental,acoustic,popularity,genres
0,1,1,1,4,3,5,3,6,0,21,1.0,0.6409999999999999,0.82,0.102,0.395,117.97399999999999,5.07e-05,0.0662,77.0,"['canadian hip hop', 'canadian pop', 'hip hop', 'pop rap', 'rap']"
1,1,1,1,6,6,3,5,5,0,25,1.0,0.547,0.752,0.107,0.161,111.962,0.00024900000000000004,0.113,52.0,"['hip hop', 'rap', 'southern hip hop', 'trap', 'vapor trap']"
2,1,1,1,6,6,3,5,5,0,25,1.0,0.655,0.526,0.11599999999999999,0.156,121.12700000000001,0.0,0.0566,65.0,"['hip hop', 'pop', 'pop rap', 'rap', 'southern hip hop', 'trap music', 'underground hip hop']"
3,0,1,0,5,5,4,4,5,0,23,1.0,0.774,0.6920000000000001,0.141,0.7709999999999999,128.033,1.0199999999999999e-05,0.0149,47.0,"['canadian pop', 'indie poptimism', 'modern alternative rock', 'modern rock']"
4,1,1,2,3,6,5,5,5,0,24,1.0,0.516,0.631,0.264,0.254,143.77700000000004,0.0,0.738,67.0,"['k-pop', 'korean r&b']"
5,1,1,2,3,6,5,5,5,0,24,1.0,0.831,0.715,0.132,0.805,100.006,3.84e-06,0.223,63.0,"['k-hop', 'k-pop', 'korean pop', 'korean r&b']"
6,1,1,2,3,6,5,5,5,0,24,1.0,0.87,0.6990000000000001,0.0507,0.7290000000000001,96.945,0.0,0.0856,51.0,"['k-hop', 'k-pop', 'korean pop', 'korean r&b']"
7,0,1,0,2,5,2,1,5,1,15,0.0,0.813,0.302,0.368,0.33899999999999997,126.965,0.0827,0.255,0.0,"['peruvian indie', 'peruvian rock']"
8,0,1,0,2,5,2,1,5,1,15,0.0,0.265,0.7240000000000001,0.063,0.244,117.956,0.846,0.9440000000000001,6.0,[]
9,0,1,0,2,5,2,1,5,1,15,0.0,0.9109999999999999,0.35200000000000004,0.0995,0.23600000000000002,148.033,0.0,0.00121,83.0,"['alternative rock', 'dance rock', 'modern rock', 'permanent wave', 'rock']"
10,1,1,0,3,4,4,5,6,0,22,1.0,0.38299999999999995,0.48,0.125,0.265,169.86900000000003,9.59e-06,0.20199999999999999,38.0,"['canadian ccm', 'ccm', 'christian alternative rock', 'christian music', 'christian punk', 'christian rock', 'neo mellow', 'pop punk', 'pop rock']"
11,1,1,0,3,4,4,5,6,0,22,1.0,0.8909999999999999,0.5539999999999999,0.0905,0.45399999999999996,154.012,1.47e-05,0.0686,52.0,"['acoustic pop', 'ccm', 'christian alternative rock', 'christian music', 'christian rock', 'indiecoustica', 'neo mellow', 'pop rock', 'worship']"
12,1,1,0,3,4,4,5,6,0,22,1.0,0.948,0.501,0.128,0.529,125.993,7.240000000000001e-05,0.000509,41.0,"['ccm', 'christian alternative rock', 'christian music', 'christian rock', 'neo mellow', 'pop rock', 'post-grunge', 'worship']"
13,1,1,1,4,5,2,5,4,0,20,1.0,0.725,0.602,0.0786,0.304,122.803,0.0,0.174,76.0,"['dwn trap', 'hip hop', 'pop', 'pop rap', 'rap', 'southern hip hop', 'trap music']"
14,0,1,1,4,4,4,4,5,0,21,1.0,0.209,0.5720000000000001,0.35600000000000004,0.446,80.069,0.0,0.765,74.0,"['alternative r&b', 'hip hop', 'lgbtq+ hip hop', 'neo soul', 'pop']"
15,0,1,1,4,4,4,4,5,0,21,1.0,0.7090000000000001,0.7070000000000001,0.27399999999999997,0.501,89.094,0.0,0.763,75.0,"['canadian hip hop', 'canadian pop', 'hip hop', 'pop rap', 'rap']"
16,1,1,2,3,2,4,3,1,0,13,0.0,0.789,0.753,0.325,0.65,126.008,0.111,0.007790000000000002,38.0,"['alternative dance', 'big beat', 'disco house', 'electronic', 'new rave', 'vocal house']"
17,1,1,2,3,2,4,3,1,0,13,0.0,0.449,0.736,0.0898,0.326,80.126,0.000162,0.33,86.0,"['indie r&b', 'pop', 'rap']"
18,1,1,2,3,2,4,3,1,0,13,0.0,0.41,0.6509999999999999,0.10800000000000001,0.12,128.049,0.0,0.368,52.0,"['indie r&b', 'trap soul', 'underground hip hop']"
19,1,1,2,2,5,3,5,5,0,20,1.0,0.981,0.519,0.0903,0.773,130.039,0.000155,0.0013599999999999999,60.0,"['pop punk', 'post-teen pop']"
20,1,1,2,2,5,3,5,5,0,20,1.0,0.462,0.69,0.113,0.325,157.655,0.00218,0.34299999999999997,82.0,"['hip hop', 'pop rap', 'rap']"
21,1,1,2,2,5,3,5,5,0,20,1.0,0.231,0.336,0.188,0.429,168.685,0.0,0.9420000000000001,80.0,"['dance pop', 'pop', 'post-teen pop']"
22,0,1,2,4,6,6,5,5,0,26,1.0,0.5710000000000001,0.745,0.371,0.319,129.934,0.0,0.6629999999999999,65.0,"['electropop', 'indie electro-pop', 'indie poptimism', 'vapor soul']"
23,1,1,2,4,5,2,5,5,1,21,1.0,0.19899999999999998,0.19,0.127,0.126,153.287,0.8690000000000001,0.943,34.0,"['new age', 'operatic pop']"
24,1,1,0,2,3,2,4,4,0,15,0.0,0.7340000000000001,0.58,0.196,0.175,111.962,0.0,0.0187,45.0,['german pop rock']
25,1,1,0,2,3,2,4,4,0,15,0.0,0.675,0.564,0.11800000000000001,0.145,102.992,0.767,0.16699999999999998,40.0,"['german soundtrack', 'soundtrack']"
26,1,1,0,2,3,2,4,4,0,15,0.0,0.9590000000000001,0.35700000000000004,0.0825,0.364,179.644,3.91e-05,6.93e-06,59.0,"['bow pop', 'emo', 'modern rock', 'pop punk', 'pop rock', 'post-grunge']"
27,0,1,1,4,4,5,4,5,0,22,1.0,0.654,0.565,0.122,0.235,111.96799999999999,1.8000000000000001e-06,0.0542,64.0,"['dance pop', 'pop']"
28,0,1,1,4,4,5,4,5,0,22,1.0,0.768,0.605,0.308,0.414,100.209,0.0,0.0865,81.0,"['canadian pop', 'dance pop', 'pop', 'post-teen pop']"
29,1,1,1,6,6,4,5,5,0,26,1.0,0.9109999999999999,0.7190000000000001,0.0592,0.873,83.05799999999998,0.0,0.489,38.0,[]
30,1,1,1,6,6,4,5,5,0,26,1.0,0.875,0.612,0.32799999999999996,0.898,179.893,0.0,0.254,48.0,['punjabi pop']
31,1,1,1,1,0,3,2,4,1,10,0.0,0.14300000000000002,0.175,0.0915,0.0662,173.33,0.9329999999999999,0.937,52.0,"['downtempo', 'ninja', 'nu jazz', 'trip hop']"
32,1,1,1,1,0,3,2,4,1,10,0.0,0.726,0.294,0.303,0.6509999999999999,180.169,0.9690000000000001,0.377,33.0,"['chillhop', 'downtempo', 'japanese chillhop', 'japanese old school hip hop', 'jazz rap']"
33,1,1,1,1,0,3,2,4,1,10,0.0,0.79,0.5,0.639,0.93,171.67,0.0,0.17300000000000001,46.0,"['electro swing', 'nu jazz']"
34,0,1,2,0,2,5,2,5,0,14,0.0,0.461,0.915,0.0771,0.5820000000000001,118.01299999999999,0.0595,0.006409999999999999,47.0,"['deep disco house', 'deep house', 'house', 'microhouse']"
35,0,1,2,0,2,5,2,5,0,14,0.0,0.9470000000000001,0.742,0.0721,0.88,130.043,0.0221,0.0906,34.0,"['desi hip hop', 'desi pop', 'hindi hip hop', 'indian edm', 'indian indie']"
36,0,1,2,0,2,5,2,5,0,14,0.0,0.6990000000000001,0.604,0.341,0.3670000000000001,128.056,0.0,0.0208,44.0,"['big room', 'dance pop', 'deep big room', 'dutch house', 'edm', 'electro house', 'house', 'pop', 'progressive electro house', 'progressive house', 'tropical house']"
37,1,1,2,4,5,2,4,4,0,19,1.0,0.314,0.6809999999999999,0.1,0.166,139.99200000000002,9.82e-06,0.2,73.0,"['hip hop', 'melodic rap', 'mississippi hip hop', 'pop rap', 'rap', 'southern hip hop', 'trap']"
38,1,1,2,4,5,2,4,4,0,19,1.0,0.82,0.363,0.32,0.8490000000000001,75.69800000000002,0.00424,0.0125,36.0,"['album rock', 'blues-rock', 'bubblegum pop', 'classic canadian rock', 'classic rock', 'country rock', 'folk rock', 'hard rock', 'mellow gold', 'psychedelic rock', 'rock', 'roots rock', 'soft rock', 'southern rock']"
39,1,1,0,2,5,3,5,6,0,21,1.0,0.39299999999999996,0.596,0.539,0.36,107.425,0.0,0.637,73.0,"['pop rap', 'rap']"
40,1,1,0,2,5,3,5,6,0,21,1.0,0.524,0.748,0.111,0.6609999999999999,95.01,0.0,0.414,88.0,"['edm', 'electropop', 'pop', 'tropical house']"
41,1,1,1,5,4,4,5,4,0,22,1.0,0.741,0.474,0.115,0.402,174.1,0.0,0.0602,76.0,"['pop rap', 'rap']"
42,1,1,1,5,4,4,5,4,0,22,1.0,0.133,0.34600000000000003,0.109,0.332,174.291,1.11e-05,0.966,56.0,['neo mellow']
43,1,1,2,4,5,4,6,6,0,25,1.0,0.405,0.44,0.11900000000000001,0.174,83.78,0.8759999999999999,0.97,46.0,['progressive house']
44,1,1,2,4,5,4,6,6,0,25,1.0,0.915,0.7020000000000001,0.163,0.909,128.012,0.0109,0.133,32.0,"['big room', 'chicago house', 'dance pop', 'edm', 'electro house', 'pop', 'progressive electro house', 'progressive house', 'tropical house', 'vocal house']"
45,1,1,2,4,5,4,6,6,0,25,1.0,0.483,0.32899999999999996,0.498,0.0702,101.33200000000001,0.807,0.0433,42.0,"['bow pop', 'chamber pop', 'compositional ambient', 'dream pop', 'ethereal wave', 'icelandic pop', 'icelandic rock', 'indie folk', 'melancholia', 'post-rock']"
46,1,1,2,3,4,1,4,4,0,16,1.0,0.76,0.5529999999999999,0.364,0.213,131.986,0.00772,0.00282,52.0,"['bass trap', 'edm', 'electronic trap', 'pop', 'tropical house']"
47,1,1,2,3,4,1,4,4,0,16,1.0,0.7340000000000001,0.623,0.145,0.3720000000000001,107.853,1.9e-06,0.0162,83.0,"['dance pop', 'pop', 'post-teen pop']"
48,0,1,1,4,4,2,5,5,1,20,1.0,0.525,0.8859999999999999,0.057,0.708,145.99,0.0,0.23600000000000002,64.0,"['alternative r&b', 'pop rap', 'rap', 'trap', 'underground hip hop', 'virginia hip hop']"
49,0,1,1,4,4,2,5,5,1,20,1.0,0.508,0.9229999999999999,0.126,0.168,108.039,1.21e-05,0.10400000000000001,73.0,"['indonesian hip hop', 'underground hip hop', 'vapor trap']"
50,0,1,1,4,4,2,5,5,1,20,1.0,0.5820000000000001,0.688,0.0663,0.872,85.486,0.000157,0.23,57.0,"['indie psych-pop', 'indie psych-rock', 'shimmer psych']"
51,0,1,0,4,4,2,3,6,1,19,1.0,0.725,0.6679999999999999,0.0561,0.7290000000000001,191.94400000000002,0.000479,0.0102,78.0,"['australian dance', 'australian pop', 'dance pop', 'pop']"
52,0,1,0,4,4,2,3,6,1,19,1.0,0.711,0.5529999999999999,0.142,0.293,99.515,0.0,0.0216,67.0,"['dance pop', 'electropop', 'indie poptimism', 'modern rock', 'neo mellow', 'pop', 'post-teen pop', 'viral pop']"
53,0,1,0,4,4,2,3,6,1,19,1.0,0.544,0.452,0.10400000000000001,0.158,133.042,5.33e-06,0.0631,58.0,"['dance pop', 'pop', 'post-teen pop']"
54,0,1,2,4,3,3,2,2,1,14,0.0,0.894,0.376,0.105,0.0433,126.287,0.00132,0.000487,50.0,"['metalcore', 'pop punk', 'rap metal', 'screamo']"
55,0,1,2,4,3,3,2,2,1,14,0.0,0.789,0.6579999999999999,0.0965,0.27399999999999997,108.012,0.0,0.0298,49.0,"['emo', 'modern rock', 'pop punk', 'pop rock', 'screamo']"
56,0,1,2,4,3,3,2,2,1,14,0.0,0.892,0.442,0.0758,0.237,151.914,7.92e-06,0.00267,60.0,"['emo', 'modern rock', 'pop punk', 'post-hardcore', 'screamo']"
57,1,1,2,5,4,4,4,6,0,23,1.0,0.7959999999999999,0.6970000000000001,0.162,0.312,85.00200000000002,0.0,0.155,51.0,"['bhangra', 'desi', 'desi hip hop', 'filmi', 'indian folk', 'indian pop', 'modern bollywood', 'punjabi', 'sufi']"
58,1,1,2,5,4,4,4,6,0,23,1.0,0.693,0.44799999999999995,0.0815,0.55,91.561,2.02e-06,0.127,57.0,['desi hip hop']
59,0,1,2,5,3,4,3,6,1,21,1.0,0.7390000000000001,0.644,0.0772,0.231,74.154,0.0,0.0311,62.0,"['dance pop', 'pop', 'pop rap', 'r&b', 'rap']"
60,1,1,0,3,2,4,4,4,0,17,1.0,0.6940000000000001,0.934,0.478,0.835,123.829,1.2e-06,0.0962,74.0,"['dance pop', 'hip pop', 'pop', 'post-teen pop', 'r&b']"
61,1,1,0,3,2,4,4,4,0,17,1.0,0.569,0.899,0.0419,0.516,115.01899999999999,0.589,0.000898,10.0,[]
62,1,1,1,5,3,1,4,4,1,17,1.0,0.172,0.5670000000000001,0.24,0.198,93.009,0.9229999999999999,0.993,2.0,[]
63,1,1,1,5,3,1,4,4,1,17,1.0,0.16,0.569,0.107,0.12,177.96099999999996,0.937,0.976,0.0,[]
64,1,1,2,2,5,5,6,5,0,23,1.0,0.6609999999999999,0.698,0.228,0.8240000000000001,131.808,0.0,0.636,58.0,"['adult standards', 'brill building pop', 'christmas', 'classic soul', 'rock-and-roll', 'soul']"
65,1,1,2,2,5,5,6,5,0,23,1.0,0.21100000000000002,0.428,0.0884,0.402,185.239,5.58e-06,0.182,50.0,"['memphis soul', 'southern soul']"
66,1,1,2,2,5,5,6,5,0,23,1.0,0.789,0.732,0.12300000000000001,0.607,107.978,3.11e-05,0.0459,60.0,"['escape room', 'hip hop', 'indie r&b', 'la indie', 'rap']"
67,1,0,1,5,4,5,5,6,0,25,1.0,0.929,0.852,0.563,0.636,110.679,4.93e-06,0.0614,52.0,"['afrobeats', 'azonto', 'dance pop', 'grime']"
68,1,0,1,5,4,5,5,6,0,25,1.0,0.963,0.754,0.0753,0.863,87.97,2.34e-05,0.064,30.0,"['bhangra', 'desi', 'desi hip hop', 'indian pop', 'punjabi']"
69,0,1,0,3,3,3,4,4,1,17,1.0,0.6709999999999999,0.7,0.114,0.24600000000000002,117.962,0.215,0.0859,52.0,"['dance pop', 'neo mellow', 'piano rock', 'pop', 'pop quebecois', 'pop rap', 'pop rock']"
70,0,1,0,3,3,3,4,4,1,17,1.0,0.7240000000000001,0.498,0.157,0.384,145.908,6.75e-06,0.281,48.0,"['bass trap', 'brostep', 'edm', 'electro house', 'electronic trap', 'progressive electro house']"
71,1,1,1,5,6,5,5,6,1,27,1.0,0.61,0.7829999999999999,0.0983,0.418,100.04700000000001,0.0,0.34299999999999997,69.0,"['pop', 'pop rock']"
72,1,1,0,4,6,2,5,5,0,22,1.0,0.688,0.312,0.321,0.39,141.7,0.00162,0.298,49.0,"['alternative hip hop', 'hardcore hip hop', 'hip hop', 'rap', 'southern hip hop', 'underground hip hop']"
73,1,1,0,4,6,2,5,5,0,22,1.0,0.91,0.665,0.22699999999999998,0.887,84.09899999999998,0.0,0.0394,65.0,"['conscious hip hop', 'east coast hip hop', 'gangster rap', 'hardcore hip hop', 'hip hop', 'pop rap', 'rap', 'southern hip hop']"
74,1,1,0,4,6,2,5,5,0,22,1.0,0.39299999999999996,0.596,0.539,0.36,107.425,0.0,0.637,73.0,"['pop rap', 'rap']"
75,1,1,2,3,5,2,5,4,0,19,1.0,0.946,0.4,0.155,0.611,161.591,0.853,0.000136,66.0,"['garage rock', 'indie rock', 'modern rock', 'rock']"
76,1,1,2,3,5,2,5,4,0,19,1.0,0.991,0.248,0.8340000000000001,0.39799999999999996,159.37,0.0462,0.0115,59.0,"['alternative metal', 'alternative rock', 'blues-rock', 'garage rock', 'modern rock', 'neo-psychedelic', 'nu metal', 'post-grunge', 'rock', 'stoner metal', 'stoner rock']"
77,1,1,2,3,5,2,5,4,0,19,1.0,0.966,0.502,0.11699999999999999,0.638,159.94799999999995,1.56e-06,0.00575,63.0,"['modern rock', 'pop punk', 'punk']"
78,1,1,2,5,5,2,5,4,0,21,1.0,0.93,0.5529999999999999,0.0673,0.5379999999999999,123.20100000000001,0.0582,0.00033999999999999997,51.0,"['alternative metal', 'canadian punk', 'nu metal', 'pop punk', 'post-grunge', 'punk']"
79,1,1,2,5,5,2,5,4,0,21,1.0,0.91,0.6679999999999999,0.0937,0.5770000000000001,125.81200000000001,0.0,0.0254,65.0,"['big room', 'dance pop', 'deep big room', 'edm', 'electro house', 'pop', 'progressive electro house', 'progressive house', 'tropical house']"
80,1,1,2,5,5,2,5,4,0,21,1.0,0.701,0.586,0.055,0.254,104.95700000000001,0.0,0.0203,79.0,"['dance pop', 'edm', 'electronic trap', 'pop', 'tropical house']"
81,1,1,2,5,4,6,5,2,0,22,1.0,0.562,0.603,0.109,0.244,100.038,0.0,0.146,70.0,"['canadian pop', 'pop', 'rap']"
82,1,1,2,5,4,6,5,2,0,22,1.0,0.40299999999999997,0.501,0.124,0.27,132.608,1.1e-05,0.114,72.0,"['canadian pop', 'pop', 'rap']"
83,0,1,1,2,4,3,1,5,0,15,0.0,0.52,0.5379999999999999,0.3670000000000001,0.6779999999999999,106.031,0.0,0.00425,69.0,"['alternative rock', 'garage rock', 'indie rock', 'modern rock', 'permanent wave', 'rock']"
84,0,1,1,2,4,3,1,5,0,15,0.0,0.654,0.39399999999999996,0.11199999999999999,0.264,135.188,6.96e-05,0.0404,64.0,"['deep new americana', 'indie folk', 'modern folk rock', 'modern rock', 'new americana', 'rock', 'stomp and holler']"
85,1,1,1,4,2,2,1,1,0,10,0.0,0.855,0.625,0.35700000000000004,0.6679999999999999,124.977,0.0,0.0013800000000000002,71.0,"['dance pop', 'pop', 'post-teen pop']"
86,1,1,1,4,2,2,1,1,0,10,0.0,0.762,0.508,0.10800000000000001,0.444,99.963,0.000122,0.254,68.0,"['australian dance', 'australian pop', 'dance pop', 'pop']"
87,1,1,1,4,2,2,1,1,0,10,0.0,0.28300000000000003,0.5870000000000001,0.149,0.34299999999999997,141.961,0.0,0.882,70.0,['pop']
88,1,2,1,4,5,5,5,5,0,24,1.0,0.609,0.7,0.14400000000000002,0.392,109.98,5.25e-06,0.0852,57.0,"['dance pop', 'pop', 'post-teen pop']"
89,1,2,1,4,5,5,5,5,0,24,1.0,0.267,0.579,0.132,0.353,74.899,0.000562,0.11800000000000001,67.0,"['adult standards', 'folk', 'folk rock', 'mellow gold', 'rock', 'roots rock', 'singer-songwriter', 'soft rock']"
90,1,2,1,4,5,5,5,5,0,24,1.0,0.40399999999999997,0.371,0.0805,0.153,74.38600000000002,0.004529999999999999,0.669,69.0,"['album rock', 'british invasion', 'classic rock', 'protopunk', 'rock']"
91,1,1,5,0,3,0,0,3,0,6,0.0,0.809,0.499,0.22399999999999998,0.168,140.03799999999998,0.41600000000000004,0.0045899999999999995,58.0,"['contemporary country', 'country', 'country road', 'modern country rock', 'redneck']"
92,1,1,5,0,3,0,0,3,0,6,0.0,0.672,0.695,0.0756,0.245,104.988,8.44e-05,0.013999999999999999,74.0,"['dance pop', 'danish pop', 'electropop', 'pop', 'tropical house']"
93,1,1,5,0,3,0,0,3,0,6,0.0,0.524,0.748,0.111,0.6609999999999999,95.01,0.0,0.414,88.0,"['edm', 'electropop', 'pop', 'tropical house']"
94,0,1,1,3,5,4,5,3,0,20,1.0,0.376,0.5329999999999999,0.0926,0.187,165.007,0.248,0.0302,79.0,"['british invasion', 'merseybeat', 'psychedelic rock', 'rock']"
95,0,1,1,3,5,4,5,3,0,20,1.0,0.244,0.466,0.11800000000000001,0.19899999999999998,95.022,0.0129,0.0059299999999999995,20.0,[]
96,0,1,1,0,2,2,0,5,1,9,0.0,0.524,0.748,0.111,0.6609999999999999,95.01,0.0,0.414,88.0,"['edm', 'electropop', 'pop', 'tropical house']"
97,0,1,0,3,2,2,1,3,0,11,0.0,0.664,0.711,0.235,0.579,127.834,0.0,0.204,47.0,"['belgian pop', 'belgian rock', 'pop quebecois']"
98,0,1,0,3,2,2,1,3,0,11,0.0,0.612,0.735,0.10300000000000001,0.395,105.056,4.120000000000001e-05,0.289,59.0,['classical performance']
99,0,1,0,3,2,2,1,3,0,11,0.0,0.7070000000000001,0.602,0.165,0.5539999999999999,75.09,0.0,0.39299999999999996,82.0,['neo soul']
100,0,1,2,1,3,3,0,5,0,12,0.0,0.778,0.659,0.0841,0.623,110.022,6.79e-06,0.0013599999999999999,71.0,"['modern rock', 'pop punk', 'punk']"
101,0,1,1,4,4,5,4,4,0,21,1.0,0.763,0.72,0.18,0.742,101.965,0.0,0.406,75.0,"['dance pop', 'edm', 'pop', 'pop dance', 'tropical house', 'uk dance', 'uk funky']"
102,0,1,1,4,4,5,4,4,0,21,1.0,0.6459999999999999,0.609,0.0787,0.58,74.987,4.8e-05,0.0197,37.0,"['british soul', 'dance pop', 'pop rap', 'r&b', 'urban contemporary']"
103,0,1,1,4,4,5,4,4,0,21,1.0,0.8140000000000001,0.644,0.213,0.52,145.041,1.59e-06,0.16399999999999998,54.0,"['dance pop', 'edm', 'pop', 'pop rap']"
104,2,1,1,4,5,5,4,5,1,23,1.0,0.9159999999999999,0.6709999999999999,0.24,0.8029999999999999,126.01,0.00762,0.0282,75.0,"['big room', 'dance pop', 'edm', 'electro house', 'pop', 'pop rap', 'tropical house']"
105,2,1,1,4,5,5,4,5,1,23,1.0,0.7959999999999999,0.276,0.184,0.26,199.52599999999998,0.0,0.00293,66.0,"['complextro', 'edm', 'future bass', 'progressive electro house']"
106,1,1,2,3,5,5,5,5,0,23,1.0,0.562,0.635,0.11,0.28800000000000003,181.014,2.01e-06,0.309,64.0,"['hip hop', 'indie r&b', 'pop', 'pop rap', 'r&b', 'rap', 'trap music']"
107,1,1,2,3,5,5,5,5,0,23,1.0,0.521,0.619,0.10099999999999999,0.254,139.886,0.000542,0.26,64.0,"['canadian pop', 'pop', 'rap']"
108,1,1,2,3,5,5,5,5,0,23,1.0,0.768,0.502,0.204,0.40299999999999997,168.218,0.0,0.273,67.0,"['pop rap', 'rap']"
109,0,1,1,4,6,2,4,6,1,22,1.0,0.91,0.551,0.0866,0.8690000000000001,84.425,0.0,0.0994,47.0,"['anti-folk', 'electropop', 'folk-pop', 'lilith', 'piano rock']"
110,0,1,1,4,6,2,4,6,1,22,1.0,0.784,0.6459999999999999,0.061,0.8190000000000001,108.84,0.0,0.00495,65.0,"['funk', 'motown', 'quiet storm', 'soul']"
111,0,1,1,4,6,2,4,6,1,22,1.0,0.26,0.47600000000000003,0.10300000000000001,0.214,110.258,2.730000000000001e-05,0.645,29.0,"['canadian folk', 'canadian indie', 'deep new americana', 'vancouver indie']"
112,0,1,4,5,6,4,5,5,1,25,1.0,0.19699999999999998,0.259,0.10300000000000001,0.0393,66.29899999999999,7.34e-06,0.858,13.0,[]
113,0,1,4,5,6,4,5,5,1,25,1.0,0.465,0.33299999999999996,0.29100000000000004,0.6409999999999999,169.952,0.797,0.8370000000000001,62.0,"['baroque', 'classical', 'early music', 'italian baroque']"
114,0,1,4,5,6,4,5,5,1,25,1.0,0.857,0.551,0.136,0.894,83.89,0.8740000000000001,0.0616,24.0,"['ska', 'ska jazz', 'ska revival', 'traditional ska']"
115,1,1,1,5,6,5,3,4,0,23,1.0,0.627,0.7509999999999999,0.257,0.6970000000000001,123.96799999999999,0.0,0.0604,4.0,['viral pop']
116,1,1,1,5,6,5,3,4,0,23,1.0,0.755,0.434,0.106,0.217,87.383,2.57e-05,0.0415,70.0,"['brostep', 'catstep', 'chillstep', 'complextro', 'edm', 'electro house', 'tracestep']"
117,0,1,2,4,4,5,3,4,1,20,1.0,0.735,0.579,0.23800000000000002,0.228,105.022,0.0,0.00415,45.0,"['latin', 'latin pop', 'salsa', 'tropical']"
118,0,1,2,4,4,5,3,4,1,20,1.0,0.8740000000000001,0.625,0.11900000000000001,0.456,128.042,1.2e-06,0.304,37.0,[]
119,1,1,1,4,3,2,2,2,1,13,0.0,0.36200000000000004,0.7090000000000001,0.109,0.113,122.04299999999999,0.0,0.157,74.0,"['canadian hip hop', 'hip hop', 'indie r&b', 'pop', 'pop rap', 'r&b', 'rap', 'trap music', 'trap soul']"
120,1,1,1,4,3,2,2,2,1,13,0.0,0.54,0.54,0.231,0.209,120.266,0.0,0.0616,44.0,['pop rap']
121,1,1,1,4,3,2,2,2,1,13,0.0,0.39299999999999996,0.67,0.10400000000000001,0.193,77.461,0.000307,0.0159,51.0,['pop rap']
122,1,1,2,2,2,3,0,1,0,8,0.0,0.9740000000000001,0.294,0.21,0.131,143.842,0.0,0.00032900000000000003,48.0,"['melodic metalcore', 'metalcore', 'post-screamo', 'rap metal', 'screamo']"
123,1,1,2,2,2,3,0,1,0,8,0.0,0.893,0.385,0.12300000000000001,0.484,173.78400000000005,7.31e-06,0.0147,51.0,"['swedish alternative rock', 'swedish indie rock', 'swedish pop']"
124,0,1,1,3,6,1,3,6,0,19,1.0,0.777,0.602,0.0854,0.48200000000000004,140.026,0.000367,0.226,61.0,"['bass trap', 'brostep', 'edm', 'electro house', 'electronic trap', 'progressive electro house']"
125,0,1,1,3,6,1,3,6,0,19,1.0,0.616,0.485,0.305,0.483,149.03799999999995,0.892,0.738,44.0,"['compositional ambient', 'focus', 'sleep', 'soundtrack']"
126,1,1,2,2,4,2,3,3,0,14,0.0,0.519,0.546,0.24,0.247,140.054,0.00045999999999999996,0.36,68.0,"['canadian pop', 'dance pop']"
127,1,1,2,2,4,2,3,3,0,14,0.0,0.35100000000000003,0.8029999999999999,0.371,0.4970000000000001,109.785,0.0,0.183,31.0,"['christmas', 'classic soul', 'jazz blues', 'memphis soul', 'soul', 'southern soul']"
128,1,1,2,2,4,2,3,3,0,14,0.0,0.765,0.774,0.0373,0.917,119.001,0.0,0.156,81.0,"['dance pop', 'pop', 'post-teen pop', 'tropical house']"
129,0,1,0,1,4,1,2,5,1,13,0.0,0.64,0.46799999999999997,0.154,0.499,79.297,0.0,0.154,78.0,"['neo mellow', 'pop', 'pop quebecois', 'pop rap', 'pop rock']"
130,0,1,0,1,4,1,2,5,1,13,0.0,0.48200000000000004,0.5870000000000001,0.314,0.7070000000000001,117.227,2.84e-06,0.713,35.0,['french pop']
131,0,1,2,4,5,4,4,6,1,23,1.0,0.696,0.659,0.13,0.665,86.001,0.0,0.14300000000000002,69.0,"['dance pop', 'pop', 'pop rap', 'r&b', 'rap']"
132,0,1,2,4,5,4,4,6,1,23,1.0,0.899,0.6779999999999999,0.34700000000000003,0.757,124.944,0.0,0.637,75.0,"['canadian country', 'canadian pop', 'contemporary country', 'country', 'country dawn', 'dance pop']"
133,0,1,1,1,5,6,1,6,0,19,1.0,0.774,0.6920000000000001,0.141,0.7709999999999999,128.033,1.0199999999999999e-05,0.0149,47.0,"['canadian pop', 'indie poptimism', 'modern alternative rock', 'modern rock']"
134,0,1,1,1,5,6,1,6,0,19,1.0,0.47600000000000003,0.698,0.0542,0.18100000000000002,124.986,0.23800000000000002,0.185,64.0,"['deep house', 'deep tropical house', 'edm', 'tropical house']"
135,1,1,1,6,6,5,5,5,0,27,1.0,0.737,0.585,0.0904,0.0497,171.85299999999995,0.0,0.0661,66.0,"['pop', 'pop rap', 'rap']"
136,1,1,1,6,6,5,5,5,0,27,1.0,0.6920000000000001,0.7659999999999999,0.128,0.425,100.95200000000001,0.0,0.19899999999999998,22.0,"['indie pop', 'vancouver indie']"
137,0,1,0,2,3,2,3,3,1,13,0.0,0.7859999999999999,0.37,0.243,0.7559999999999999,65.568,0.0,0.306,53.0,"['pop', 'pop rap', 'r&b', 'rap', 'toronto rap', 'trap', 'urban contemporary']"
138,0,1,0,2,3,2,3,3,1,13,0.0,0.608,0.789,0.368,0.271,129.958,0.0,0.0244,65.0,"['canadian hip hop', 'canadian pop', 'hip hop', 'pop rap', 'rap']"
139,0,1,1,3,5,3,5,4,1,20,1.0,0.575,0.599,0.0937,0.213,120.913,0.253,0.6659999999999999,1.0,[]
140,0,1,1,2,4,5,4,6,0,21,1.0,0.938,0.544,0.21,0.503,125.079,0.0,0.000242,41.0,"['metalcore', 'post-post-hardcore', 'post-screamo', 'screamo', 'trancecore']"
141,0,1,1,2,4,5,4,6,0,21,1.0,0.988,0.494,0.36200000000000004,0.327,135.012,8.96e-06,0.000576,46.0,"['metalcore', 'post-post-hardcore', 'post-screamo', 'screamo', 'trancecore']"
142,0,1,1,2,4,5,4,6,0,21,1.0,0.9490000000000001,0.557,0.34,0.397,111.008,0.00041799999999999997,0.00028199999999999997,58.0,"['metalcore', 'post-screamo', 'progressive post-hardcore', 'screamo']"
143,0,1,0,1,2,3,2,5,1,13,0.0,0.623,0.653,0.14400000000000002,0.401,123.999,0.0,0.253,72.0,"['dance pop', 'pop', 'post-teen pop', 'r&b', 'viral pop']"
144,0,1,0,1,2,3,2,5,1,13,0.0,0.56,0.6579999999999999,0.0794,0.8540000000000001,161.994,0.0,0.498,65.0,"['canadian pop', 'dance pop', 'pop', 'post-teen pop']"
145,0,1,2,4,4,2,3,4,1,17,1.0,0.586,0.802,0.0906,0.563,91.03,0.000304,0.0203,10.0,"['canadian hip hop', 'trap soul']"
146,0,1,2,4,4,2,3,4,1,17,1.0,0.7170000000000001,0.792,0.226,0.466,121.985,3.59e-05,0.0927,80.0,"['deep tropical house', 'edm', 'pop', 'tropical house']"
147,0,1,2,4,4,2,3,4,1,17,1.0,0.762,0.488,0.0763,0.7090000000000001,123.889,0.0,0.591,69.0,"['neo soul', 'pop', 'r&b', 'urban contemporary']"
148,0,1,2,4,4,3,5,6,1,22,1.0,0.9440000000000001,0.745,0.33299999999999996,0.951,179.99099999999999,1.48e-06,0.21,77.0,"['champeta', 'colombian pop', 'dance pop', 'latin', 'latin pop', 'tropical', 'vallenato']"
149,0,1,2,4,4,3,5,6,1,22,1.0,0.7140000000000001,0.489,0.309,0.5760000000000001,199.07299999999998,0.0,0.27399999999999997,41.0,"['dancehall', 'reggae fusion']"
150,0,1,2,4,4,3,5,6,1,22,1.0,0.6859999999999999,0.747,0.1,0.9129999999999999,122.005,0.0,0.5870000000000001,67.0,"['bachata', 'dance pop', 'latin', 'latin hip hop', 'latin pop', 'pop', 'tropical']"
151,1,2,1,4,5,4,3,4,0,20,1.0,0.6559999999999999,0.6970000000000001,0.221,0.8809999999999999,119.632,4.66e-05,0.43,62.0,"['album rock', 'art rock', 'bow pop', 'classic rock', 'folk rock', 'glam rock', 'mellow gold', 'rock', 'soft rock', 'symphonic rock']"
152,0,2,1,6,5,4,3,5,1,23,1.0,0.589,0.622,0.0671,0.44,109.977,0.12300000000000001,0.0054,6.0,['karaoke']
153,0,2,1,6,5,4,3,5,1,23,1.0,0.726,0.775,0.11,0.20600000000000002,126.999,0.0235,0.0399,59.0,[]
154,0,1,2,5,4,5,3,5,1,22,1.0,0.721,0.62,0.155,0.28600000000000003,169.919,0.0,0.0018899999999999998,60.0,"['pop', 'pop rap', 'rap', 'southern hip hop', 'trap music']"
155,0,1,2,5,4,5,3,5,1,22,1.0,0.585,0.737,0.115,0.693,147.064,0.0,0.18600000000000005,67.0,"['dance pop', 'pop', 'post-teen pop', 'teen pop', 'viral pop']"
156,0,1,2,5,4,5,3,5,1,22,1.0,0.7829999999999999,0.586,0.318,0.461,87.469,0.0,0.125,55.0,"['pop', 'pop rap', 'rap', 'southern hip hop', 'trap music']"
157,0,1,2,2,6,4,5,5,1,22,1.0,0.5479999999999999,0.41200000000000003,0.18100000000000002,0.17600000000000002,81.293,0.0,0.0173,64.0,"['dance pop', 'hip hop', 'pop', 'pop rap', 'r&b', 'rap', 'southern hip hop', 'trap music']"
158,0,1,2,2,6,4,5,5,1,22,1.0,0.632,0.794,0.128,0.355,145.92600000000004,0.0,0.142,79.0,"['hip hop', 'pop', 'pop rap', 'rap', 'southern hip hop', 'trap music']"
159,1,1,1,1,4,2,2,5,0,14,0.0,0.8079999999999999,0.519,0.105,0.251,107.505,0.0,0.0126,65.0,"['chamber pop', 'folk-pop', 'pop']"
160,1,1,1,1,4,2,2,5,0,14,0.0,0.856,0.722,0.156,0.905,110.012,0.0,0.0175,47.0,"['dance pop', 'indie poptimism', 'strut']"
161,1,1,1,1,4,2,2,5,0,14,0.0,0.447,0.5479999999999999,0.366,0.235,136.886,0.0,0.523,0.0,[]
162,0,1,2,3,2,2,1,6,0,14,0.0,0.397,0.505,0.0853,0.5579999999999999,95.06299999999999,0.0,0.716,76.0,"['conscious hip hop', 'hip hop', 'pop', 'pop rap', 'rap']"
163,0,1,2,3,2,2,1,6,0,14,0.0,0.45299999999999996,0.705,0.14300000000000002,0.28300000000000003,124.94200000000001,0.0,0.257,70.0,"['conscious hip hop', 'hip hop', 'pop', 'pop rap', 'rap']"
164,0,1,1,3,4,4,4,5,1,20,1.0,0.7859999999999999,0.598,0.11699999999999999,0.456,95.021,0.00143,0.00256,65.0,"['dance pop', 'pop', 'post-teen pop']"
165,0,1,1,3,4,3,4,5,0,19,1.0,0.43,0.579,0.13,0.5379999999999999,123.999,0.0,0.787,65.0,"['dance pop', 'electropop', 'indie poptimism', 'pop']"
166,1,1,2,3,4,3,3,5,0,18,1.0,0.685,0.71,0.0899,0.384,116.355,5.0900000000000004e-05,0.0301,40.0,"['canadian indie', 'toronto indie']"
167,1,1,2,3,4,3,3,5,0,18,1.0,0.61,0.7829999999999999,0.0983,0.418,100.04700000000001,0.0,0.34299999999999997,69.0,"['pop', 'pop rock']"
168,1,1,2,3,5,4,5,4,1,21,1.0,0.6779999999999999,0.674,0.051,0.465,99.985,0.222,0.59,66.0,"['metropopolis', 'shimmer pop', 'tropical house']"
169,1,1,2,3,5,4,5,4,1,21,1.0,0.696,0.45799999999999996,0.12300000000000001,0.418,174.141,0.0,0.285,74.0,['tracestep']
170,1,1,2,3,5,4,5,4,1,21,1.0,0.652,0.486,0.077,0.391,113.055,6.63e-05,0.408,79.0,"['edm', 'pop', 'tropical house']"
171,0,1,1,3,5,1,2,4,1,15,0.0,0.445,0.494,0.134,0.239,127.469,0.0,0.326,38.0,"['deep pop r&b', 'slow game', 'west coast trap']"
172,0,1,1,3,5,1,2,4,1,15,0.0,0.7759999999999999,0.5920000000000001,0.4370000000000001,0.41600000000000004,90.963,4.39e-06,0.00674,46.0,"['deep turkish pop', 'persian pop', 'turkish pop']"
173,1,1,1,4,5,1,5,4,0,19,1.0,0.631,0.5760000000000001,0.115,0.21100000000000002,101.98700000000001,0.0045899999999999995,0.0498,49.0,['bow pop']
174,1,1,2,2,4,3,5,4,0,18,1.0,0.6579999999999999,0.688,0.335,0.28,75.615,1.89e-06,0.105,67.0,"['pop', 'pop rap', 'rap']"
175,1,1,2,2,4,3,5,4,0,18,1.0,0.5710000000000001,0.743,0.29100000000000004,0.495,119.054,0.0,0.24,71.0,"['canadian hip hop', 'canadian pop', 'hip hop', 'rap', 'toronto rap']"
176,1,1,2,2,4,3,5,4,0,18,1.0,0.447,0.439,0.303,0.11,121.48,0.0,0.111,70.0,"['dance pop', 'pop', 'r&b']"
177,0,1,2,3,5,5,5,3,0,21,1.0,0.522,0.691,0.125,0.187,133.995,0.0141,0.0216,49.0,"['edm', 'progressive house', 'progressive trance', 'trance', 'uplifting trance']"
178,0,1,2,3,5,5,5,3,0,21,1.0,0.303,0.226,0.162,0.094,66.727,0.878,0.897,54.0,[]
179,0,1,2,3,5,5,5,3,0,21,1.0,0.586,0.662,0.115,0.29600000000000004,90.0,0.0027199999999999998,0.09699999999999999,75.0,"['edm', 'electropop', 'pop', 'tropical house']"
180,0,1,2,3,5,5,5,3,0,21,1.0,0.675,0.6890000000000001,0.115,0.604,180.065,3.17e-06,0.531,75.0,"['latin', 'reggaeton']"
181,0,1,2,3,5,5,5,3,0,21,1.0,0.608,0.8320000000000001,0.0761,0.589,94.01299999999999,0.0,0.282,75.0,"['latin', 'latin hip hop', 'pop', 'reggaeton', 'tropical']"
182,1,1,2,5,4,4,4,6,0,23,1.0,0.753,0.441,0.027000000000000003,0.254,135.015,0.0,0.0701,63.0,"['big room', 'brostep', 'catstep', 'chillstep', 'edm', 'electro house', 'electronic trap', 'pop']"
183,1,1,2,5,4,4,4,6,0,23,1.0,0.899,0.544,0.35100000000000003,0.524,120.96700000000001,0.0,0.0663,63.0,"['big room', 'dance pop', 'edm', 'electro house', 'pop', 'progressive electro house', 'tropical house']"
184,1,1,2,5,4,4,4,6,0,23,1.0,0.8740000000000001,0.604,0.11199999999999999,0.835,125.99,0.812,0.000563,68.0,"['big room', 'disco house', 'edm', 'electro house', 'house', 'progressive electro house', 'progressive house', 'vocal house']"
185,1,1,2,3,5,5,5,4,1,22,1.0,0.726,0.506,0.266,0.266,128.04399999999998,8.05e-05,0.0030800000000000003,48.0,"['dance pop', 'dutch edm', 'edm', 'pop', 'pop dance', 'progressive house', 'tropical house']"
186,1,1,2,3,5,5,5,4,1,22,1.0,0.629,0.8859999999999999,0.121,0.48700000000000004,158.002,7.66e-06,0.051,67.0,"['rap', 'trap music']"
187,0,1,2,6,3,5,3,5,1,22,1.0,0.61,0.7829999999999999,0.0983,0.418,100.04700000000001,0.0,0.34299999999999997,69.0,"['pop', 'pop rock']"
188,0,1,0,4,5,2,4,4,0,19,1.0,0.748,0.72,0.369,0.24600000000000002,145.22,0.0,0.0235,73.0,"['dwn trap', 'hip hop', 'pop', 'pop rap', 'rap', 'southern hip hop', 'trap music']"
189,0,1,0,4,5,2,4,4,0,19,1.0,0.22,0.619,0.124,0.423,75.16,1.1900000000000001e-05,0.782,69.0,"['funk', 'motown', 'quiet storm', 'soul']"
190,1,1,2,3,2,4,3,1,0,13,0.0,0.789,0.753,0.325,0.65,126.008,0.111,0.007790000000000002,38.0,"['alternative dance', 'big beat', 'disco house', 'electronic', 'new rave', 'vocal house']"
191,1,1,2,3,2,4,3,1,0,13,0.0,0.449,0.736,0.0898,0.326,80.126,0.000162,0.33,86.0,"['indie r&b', 'pop', 'rap']"
192,1,1,2,3,2,4,3,1,0,13,0.0,0.41,0.6509999999999999,0.10800000000000001,0.12,128.049,0.0,0.368,52.0,"['indie r&b', 'trap soul', 'underground hip hop']"
193,1,1,1,2,3,4,2,5,1,16,1.0,0.602,0.45,0.141,0.316,170.043,0.0,0.15,61.0,['pop rap']
194,1,1,1,2,3,4,2,5,1,16,1.0,0.532,0.598,0.0617,0.261,74.96300000000002,3.22e-06,0.0668,67.0,"['australian alternative rock', 'australian dance', 'downtempo', 'edm', 'pop']"
195,1,1,1,2,3,4,2,5,1,16,1.0,0.884,0.5379999999999999,0.0947,0.426,92.999,2.08e-06,0.0135,56.0,"['candy pop', 'emo', 'pixie', 'pop emo', 'pop punk']"
196,1,1,0,4,3,3,3,4,0,17,1.0,0.373,0.6609999999999999,0.177,0.523,91.5,0.0,0.615,81.0,['pop']
197,0,1,1,3,2,3,1,3,1,12,0.0,0.67,0.606,0.354,0.212,119.96,6.6e-06,0.138,62.0,"['edm', 'pop', 'tropical house']"
198,0,1,1,3,2,3,1,3,1,12,0.0,0.6890000000000001,0.55,0.207,0.408,99.904,0.0,0.0498,67.0,"['edm', 'pop', 'tropical house']"
199,1,1,0,3,2,1,5,3,0,14,0.0,0.635,0.846,0.34299999999999997,0.51,110.03399999999999,0.0,0.0969,47.0,"['canadian hip hop', 'canadian pop', 'hip hop', 'rap', 'toronto rap']"
200,1,1,0,3,2,1,5,3,0,14,0.0,0.677,0.365,0.40299999999999997,0.261,147.906,0.0033,0.0111,34.0,"['britpop', 'madchester', 'permanent wave', 'rock']"
201,1,2,1,2,5,3,6,5,0,21,1.0,0.65,0.594,0.267,0.106,126.0,0.0142,0.013999999999999999,59.0,"['big room', 'brostep', 'catstep', 'dance pop', 'deep big room', 'edm', 'electro house', 'pop', 'progressive electro house', 'tracestep', 'tropical house']"
202,1,2,1,2,5,3,6,5,0,21,1.0,0.722,0.768,0.0807,0.29,122.975,0.0056700000000000006,0.387,3.0,[]
203,0,1,2,3,3,5,4,5,0,20,1.0,0.852,0.6729999999999999,0.10400000000000001,0.586,144.953,0.0,0.031,45.0,['k-pop']
204,0,1,2,3,3,5,4,5,0,20,1.0,0.799,0.903,0.0545,0.825,119.0,0.00126,0.32,35.0,['dance pop']
205,0,1,0,2,3,5,2,5,1,17,1.0,0.895,0.431,0.0866,0.24600000000000002,147.734,0.0,0.0147,3.0,['brooklyn drill']
206,0,1,0,2,3,5,2,5,1,17,1.0,0.513,0.647,0.39299999999999996,0.445,103.07700000000001,0.0,0.509,53.0,"['aussietronica', 'deep australian indie', 'electropop']"
207,0,1,0,2,3,5,2,5,1,17,1.0,0.54,0.8,0.531,0.529,119.007,4.03e-06,0.009170000000000001,39.0,[]
208,0,1,0,3,3,4,2,3,0,15,0.0,0.451,0.424,0.11,0.212,129.768,0.00047999999999999996,0.09,51.0,"['neo mellow', 'pop']"
209,0,1,2,2,3,2,2,3,1,12,0.0,0.8540000000000001,0.5539999999999999,0.336,0.532,130.97799999999998,0.0785,0.00611,6.0,[]
210,0,1,2,5,4,5,4,6,0,24,1.0,0.746,0.322,0.682,0.508,99.40700000000001,3.4399999999999996e-05,0.0525,25.0,"['alternative dance', 'indietronica', 'new rave']"
211,0,1,2,5,4,5,4,6,0,24,1.0,0.4920000000000001,0.8370000000000001,0.102,0.41700000000000004,85.95100000000002,0.0401,0.371,68.0,"['edm', 'electropop', 'indie poptimism', 'pop', 'tropical house']"
212,0,1,2,5,4,5,4,6,0,24,1.0,0.5760000000000001,0.574,0.20800000000000002,0.287,145.094,0.00147,0.0579,65.0,"['aussietronica', 'bass trap', 'brostep', 'edm', 'electronic trap', 'tropical pop edm', 'vapor soul', 'vapor twitch']"
213,0,1,2,4,3,5,4,4,0,20,1.0,0.9640000000000001,0.802,0.261,0.6809999999999999,127.98299999999999,0.0,0.12,19.0,"['chutney', 'dancehall', 'soca']"
214,0,1,2,4,3,5,4,4,0,20,1.0,0.46799999999999997,0.59,0.10099999999999999,0.349,92.287,0.0,0.0789,73.0,"['canadian hip hop', 'canadian pop', 'hip hop', 'rap', 'toronto rap']"
215,0,1,2,4,3,5,4,4,0,20,1.0,0.9890000000000001,0.616,0.172,0.902,95.036,0.0,0.166,74.0,"['cubaton', 'latin', 'latin hip hop', 'latin pop']"
216,1,1,0,5,5,5,5,5,0,25,1.0,0.8859999999999999,0.603,0.26,0.395,126.025,0.0,0.00045,72.0,"['alternative metal', 'christian alternative rock', 'christian music', 'christian rock', 'nu metal', 'post-grunge', 'rap metal', 'rap rock']"
217,0,1,1,3,4,4,3,5,1,19,1.0,0.585,0.665,0.0789,0.6579999999999999,158.953,0.0,0.044000000000000004,81.0,"['pop rap', 'rap', 'trap music']"
218,0,1,1,3,4,4,3,5,1,19,1.0,0.9309999999999999,0.753,0.5720000000000001,0.713,129.976,0.0,0.0429,40.0,[]
219,0,1,2,2,4,5,4,5,0,20,1.0,0.828,0.7070000000000001,0.107,0.5379999999999999,119.984,1.77e-06,0.0415,50.0,['canadian folk']
220,0,1,2,2,4,5,4,5,0,20,1.0,0.805,0.632,0.161,0.429,93.009,5.8299999999999994e-05,0.0646,69.0,"['dance pop', 'deep tropical house', 'electropop', 'indie poptimism', 'pop', 'tropical house']"
221,0,1,2,5,2,5,1,1,0,14,0.0,0.996,0.629,0.314,0.348,104.97399999999999,0.00028399999999999996,0.0009310000000000001,54.0,"['alternative metal', 'nu metal', 'post-grunge', 'rap metal']"
222,0,1,2,5,2,5,1,1,0,14,0.0,0.742,0.27899999999999997,0.593,0.32799999999999996,189.868,0.0,0.000185,74.0,['pop']
223,0,1,2,5,2,5,1,1,0,14,0.0,0.932,0.529,0.203,0.237,130.05,0.106,7.7e-05,43.0,['melodic death metal']
224,1,1,1,2,2,4,2,6,0,16,1.0,0.354,0.728,0.132,0.636,132.762,0.0,0.76,48.0,"['dance pop', 'pop']"
225,1,1,1,2,2,4,2,6,0,16,1.0,0.5589999999999999,0.7390000000000001,0.11199999999999999,0.439,140.124,0.0,0.58,92.0,"['pop', 'rap']"
226,1,1,1,2,2,4,2,6,0,16,1.0,0.405,0.778,0.10400000000000001,0.0605,120.98100000000001,0.0,0.11199999999999999,54.0,"['hip hop', 'pop', 'pop rap', 'r&b', 'rap', 'trap music']"
227,0,1,0,2,4,2,3,6,1,17,1.0,0.778,0.617,0.128,0.152,100.363,0.925,0.45899999999999996,67.0,"['downtempo', 'dream pop', 'indietronica', 'pop']"
228,0,1,0,2,4,2,3,6,1,17,1.0,0.851,0.5539999999999999,0.24,0.513,116.976,0.9129999999999999,0.611,48.0,"['chamber pop', 'folk-pop', 'indie folk', 'indie pop', 'indie rock', 'modern rock', 'stomp and holler']"
229,0,1,0,2,4,2,3,6,1,17,1.0,0.894,0.47,0.0903,0.311,126.03,5.400000000000001e-05,0.0322,53.0,"['chamber pop', 'folk-pop', 'pop']"
230,1,1,1,5,6,6,4,5,0,26,1.0,0.7340000000000001,0.6559999999999999,0.301,0.591,116.24600000000001,9.990000000000004e-05,0.0896,59.0,['new wave pop']
231,0,1,1,2,3,3,2,4,0,14,0.0,0.19,0.46799999999999997,0.107,0.326,125.319,0.0,0.919,79.0,['pop']
232,0,1,1,2,3,3,2,4,0,14,0.0,0.5579999999999999,0.706,0.11800000000000001,0.22699999999999998,110.443,0.0,0.146,75.0,"['pop', 'post-teen pop']"
233,0,1,1,2,3,3,2,4,0,14,0.0,0.606,0.262,0.125,0.275,189.857,0.0,0.247,71.0,"['dance pop', 'edm', 'electropop', 'metropopolis', 'pop', 'post-teen pop', 'r&b', 'tropical house']"
234,1,1,2,3,2,3,2,4,0,14,0.0,0.925,0.282,0.0711,0.265,180.125,0.0129,0.000172,20.0,"['gothic metal', 'gothic symphonic metal', 'norwegian metal', 'progressive metal', 'symphonic metal']"
235,1,1,2,3,2,3,2,4,0,14,0.0,0.5820000000000001,0.575,0.139,0.297,127.94,0.000178,0.0103,57.0,"['finnish metal', 'gothic metal', 'gothic symphonic metal', 'power metal', 'progressive metal', 'symphonic metal']"
236,1,1,2,3,2,3,2,4,0,14,0.0,0.813,0.147,0.156,0.22699999999999998,191.83700000000002,0.0199,0.000286,40.0,"['gothic symphonic metal', 'symphonic metal', 'symphonic power metal']"
237,0,1,2,4,2,2,2,3,0,13,0.0,0.981,0.508,0.41100000000000003,0.302,150.026,0.0,5.720000000000002e-05,45.0,"['gothic symphonic metal', 'melodic death metal', 'power metal', 'progressive metal']"
238,0,1,2,4,2,2,2,3,0,13,0.0,0.9490000000000001,0.475,0.34299999999999997,0.28800000000000003,139.975,0.00533,0.000439,18.0,"['fallen angel', 'gothic symphonic metal', 'symphonic metal']"
239,0,1,2,4,2,2,2,3,0,13,0.0,0.823,0.505,0.35200000000000004,0.228,150.001,0.406,0.000817,28.0,[]
240,0,1,2,3,4,4,3,2,0,16,1.0,0.7509999999999999,0.499,0.154,0.6970000000000001,116.491,6.11e-05,0.261,26.0,[]
241,0,1,2,3,4,4,3,2,0,16,1.0,0.848,0.696,0.0918,0.871,88.64,0.0,0.00238,36.0,"['hip pop', 'neo soul', 'pop', 'r&b', 'urban contemporary']"
242,0,1,0,4,5,6,4,4,0,23,1.0,0.473,0.765,0.391,0.34,119.992,0.0,0.287,82.0,['danish pop']
243,0,1,0,4,5,6,4,4,0,23,1.0,0.41100000000000003,0.713,0.0763,0.626,134.007,7.190000000000001e-05,0.3,59.0,['a cappella']
244,1,1,2,6,6,6,6,6,1,30,1.0,0.5710000000000001,0.743,0.29100000000000004,0.495,119.054,0.0,0.24,71.0,"['canadian hip hop', 'canadian pop', 'hip hop', 'rap', 'toronto rap']"
245,1,1,2,6,6,6,6,6,1,30,1.0,0.866,0.863,0.201,0.873,147.055,0.0,0.16399999999999998,47.0,[]
246,1,1,1,3,3,3,3,4,1,16,1.0,0.701,0.51,0.168,0.135,120.98899999999999,0.0,0.466,40.0,"['channel pop', 'post-teen pop', 'viral pop']"
247,1,1,0,4,4,2,5,5,1,20,1.0,0.659,0.612,0.0538,0.41700000000000004,98.015,0.0,0.0933,38.0,"['dance pop', 'edm', 'pop', 'post-teen pop', 'tropical house']"
248,1,1,0,4,4,2,5,5,1,20,1.0,0.878,0.6629999999999999,0.32799999999999996,0.7040000000000001,158.035,3.39e-06,0.0368,65.0,"['dance pop', 'danish pop', 'electropop', 'pop', 'tropical house']"
249,0,1,2,6,2,4,0,3,1,15,0.0,0.585,0.614,0.0948,0.21100000000000002,169.905,0.000129,0.134,71.0,"['dance pop', 'electropop', 'pop']"
250,0,1,2,6,2,4,0,3,1,15,0.0,0.473,0.8809999999999999,0.09699999999999999,0.97,126.48200000000001,0.00011200000000000001,0.28600000000000003,22.0,"[""children's music""]"
251,0,1,1,2,3,4,4,2,1,15,0.0,0.8240000000000001,0.735,0.158,0.726,100.20200000000001,0.0,0.615,67.0,"['dance pop', 'dancehall', 'pop', 'pop rap']"
252,0,1,2,5,2,5,4,6,0,22,1.0,0.847,0.662,0.145,0.441,127.986,3.81e-06,0.00264,32.0,"['canadian pop', 'indie poptimism', 'modern alternative rock', 'modern rock']"
253,1,1,0,6,4,4,4,2,0,20,1.0,0.9129999999999999,0.8190000000000001,0.161,0.536,119.98899999999999,3.72e-05,0.0935,80.0,"['dance pop', 'edm', 'electro house', 'house', 'pop', 'progressive house']"
254,1,1,0,6,4,4,4,2,0,20,1.0,0.575,0.632,0.10400000000000001,0.188,90.037,1.81e-06,0.0225,78.0,"['dance pop', 'deep pop edm', 'deep tropical house', 'edm', 'electro house', 'pop', 'tropical house']"
255,1,1,2,2,3,2,4,4,1,15,0.0,0.898,0.414,0.418,0.217,113.986,0.578,9.37e-05,45.0,"['alternative metal', 'canadian metal', 'djent', 'jazz metal', 'progressive metal', 'vancouver metal']"
256,1,1,2,2,3,2,4,4,1,15,0.0,0.851,0.488,0.0943,0.337,134.99,0.0005009999999999999,0.0020800000000000003,43.0,"['djent', 'jazz metal', 'melodic metalcore', 'progressive metal']"
257,1,1,2,2,3,2,4,4,1,15,0.0,0.996,0.255,0.18100000000000002,0.142,93.633,0.902,2.410000000000001e-05,38.0,"['alternative metal', 'death metal', 'djent', 'groove metal', 'jazz metal', 'metal', 'nu metal', 'progressive metal', 'swedish metal', 'technical death metal']"
258,1,1,0,5,5,4,5,5,0,24,1.0,0.8190000000000001,0.444,0.107,0.747,82.695,0.0,0.106,85.0,"['canadian pop', 'dance pop', 'pop', 'post-teen pop', 'viral pop']"
259,1,1,0,3,2,5,4,6,1,20,1.0,0.413,0.835,0.10099999999999999,0.111,149.004,0.00133,0.373,78.0,"['hip hop', 'pop', 'pop rap', 'rap', 'southern hip hop', 'trap music']"
260,1,1,0,3,2,5,4,6,1,20,1.0,0.562,0.877,0.0933,0.376,99.977,0.0,0.0152,82.0,"['hip hop', 'pop', 'pop rap', 'rap', 'southern hip hop', 'trap music']"
261,1,1,1,5,4,4,5,5,1,23,1.0,0.496,0.598,0.12,0.725,128.06,0.00132,0.0253,69.0,"['hip hop', 'indie r&b', 'pop', 'pop rap', 'r&b', 'rap', 'trap music', 'urban contemporary']"
262,0,1,2,2,4,5,3,5,1,19,1.0,0.528,0.539,0.11699999999999999,0.252,190.169,0.0,0.0108,71.0,"['canadian hip hop', 'hip hop', 'indie r&b', 'pop', 'pop rap', 'r&b', 'rap', 'southern hip hop', 'trap music']"
263,1,1,2,3,2,3,2,2,1,12,0.0,0.7879999999999999,0.6970000000000001,0.12300000000000001,0.5579999999999999,105.99700000000001,3.24e-05,0.00688,17.0,['uzbek pop']
264,1,1,2,3,2,3,2,2,1,12,0.0,0.00527,0.184,0.17300000000000001,0.151,170.612,0.887,0.995,68.0,"['classical', 'classical era', 'early romantic era']"
265,1,1,2,3,2,3,2,2,1,12,0.0,0.87,0.5429999999999999,0.792,0.754,100.804,0.0009390000000000001,0.358,81.0,"['europop', 'swedish pop']"
266,0,1,1,4,5,6,2,4,0,21,1.0,0.8,0.617,0.179,0.634,117.955,3.19e-05,0.0172,58.0,"['contemporary country', 'country', 'country road', 'modern country rock']"
267,0,1,1,4,5,6,2,4,0,21,1.0,0.965,0.37799999999999995,0.28,0.303,175.043,0.000686,0.00016999999999999999,65.0,"['melodic metalcore', 'metalcore', 'rap metal', 'screamo', 'trancecore']"
268,0,1,2,6,6,6,5,4,0,27,1.0,0.7859999999999999,0.37,0.243,0.7559999999999999,65.568,0.0,0.306,53.0,"['pop', 'pop rap', 'r&b', 'rap', 'toronto rap', 'trap', 'urban contemporary']"
269,1,1,1,4,4,4,5,5,0,22,1.0,0.628,0.6679999999999999,0.145,0.621,131.88,0.0,0.00822,64.0,"['pop rap', 'rap']"
270,1,1,1,4,4,4,5,5,0,22,1.0,0.547,0.698,0.32799999999999996,0.40399999999999997,93.00299999999999,6.34e-05,0.3,60.0,"['pop rap', 'rap']"
271,1,1,1,4,4,4,5,5,0,22,1.0,0.5379999999999999,0.516,0.163,0.294,112.053,0.000805,0.0341,62.0,"['pop rap', 'rap']"
272,0,0,2,3,4,3,3,5,1,18,1.0,0.718,0.6859999999999999,0.11900000000000001,0.557,115.02600000000001,0.0007030000000000001,0.006370000000000001,76.0,"['dance pop', 'deep groove house', 'destroy techno', 'disco house', 'edm', 'house', 'pop', 'progressive house', 'tropical house']"
273,0,0,2,3,4,3,3,5,1,18,1.0,0.634,0.6509999999999999,0.0694,0.34299999999999997,114.10799999999999,1.63e-06,0.21,49.0,[]
274,0,0,2,3,4,3,3,5,1,18,1.0,0.797,0.611,0.26,0.518,120.041,0.00137,0.00543,76.0,"['dance pop', 'electropop', 'indie pop', 'indie poptimism', 'indie r&b', 'modern rock', 'pop']"
275,0,0,2,1,4,2,2,3,1,12,0.0,0.5429999999999999,0.696,0.0939,0.479,107.969,0.0,0.308,79.0,"['dance pop', 'neo mellow', 'pop', 'post-teen pop', 'talent show']"
276,0,0,2,1,4,2,2,3,1,12,0.0,0.557,0.358,0.0902,0.494,85.04299999999998,0.0,0.695,85.0,"['dance pop', 'neo mellow', 'pop', 'post-teen pop', 'talent show']"
277,0,0,2,1,4,2,2,3,1,12,0.0,0.271,0.531,0.0699,0.07,110.029,0.265,0.9259999999999999,11.0,['sleep']
278,0,1,1,1,5,4,6,6,0,22,1.0,0.33,0.5589999999999999,0.0975,0.285,135.109,0.0,0.892,79.0,['pop']
279,0,1,1,1,5,4,6,6,0,22,1.0,0.391,0.588,0.22699999999999998,0.349,144.069,0.0,0.8390000000000001,74.0,"['dance pop', 'pop', 'post-teen pop', 'r&b', 'urban contemporary']"
280,0,1,1,1,5,4,6,6,0,22,1.0,0.871,0.503,0.823,0.44799999999999995,137.164,0.0,0.306,48.0,"['dance pop', 'pop', 'post-teen pop', 'r&b']"
281,0,1,1,5,6,4,4,5,0,24,1.0,0.795,0.652,0.12300000000000001,0.7879999999999999,135.018,0.0,0.156,69.0,"['canadian pop', 'pop']"
282,0,1,1,5,6,4,4,5,0,24,1.0,0.528,0.539,0.11699999999999999,0.252,190.169,0.0,0.0108,71.0,"['canadian hip hop', 'hip hop', 'indie r&b', 'pop', 'pop rap', 'r&b', 'rap', 'southern hip hop', 'trap music']"
283,1,1,2,0,3,2,2,0,0,7,0.0,0.742,0.884,0.127,0.8490000000000001,109.98200000000001,0.0,0.35700000000000004,48.0,"['conscious hip hop', 'hip hop', 'north carolina hip hop', 'rap']"
284,1,1,2,0,3,2,2,0,0,7,0.0,0.623,0.502,0.11900000000000001,0.39899999999999997,75.578,0.0,0.609,72.0,"['conscious hip hop', 'hip hop', 'north carolina hip hop', 'rap']"
285,1,1,2,0,3,2,2,0,0,7,0.0,0.619,0.8140000000000001,0.0829,0.625,124.073,0.0,0.607,48.0,"['permanent wave', 'punk']"
286,1,1,1,4,1,2,4,5,1,16,1.0,0.602,0.778,0.0738,0.664,127.99799999999999,0.9009999999999999,0.00119,16.0,"['big room', 'edm', 'electro house', 'progressive house']"
287,1,1,1,4,1,2,4,5,1,16,1.0,0.8690000000000001,0.605,0.0986,0.36,140.032,0.00479,0.0309,29.0,"['brostep', 'catstep', 'complextro', 'edm', 'electro house', 'filthstep']"
288,1,1,1,4,1,2,4,5,1,16,1.0,0.758,0.8109999999999999,0.163,0.491,139.94,0.7709999999999999,0.0015,11.0,[]
289,1,1,1,3,2,4,3,2,1,14,0.0,0.6859999999999999,0.579,0.0876,0.7609999999999999,131.634,0.0,0.0591,51.0,"['alternative rock', 'garage rock', 'indie rock', 'modern rock', 'rock', 'scottish rock']"
290,1,1,1,3,2,4,3,2,1,14,0.0,0.6409999999999999,0.82,0.102,0.395,117.97399999999999,5.07e-05,0.0662,77.0,"['canadian hip hop', 'canadian pop', 'hip hop', 'pop rap', 'rap']"
291,1,1,1,3,2,4,3,2,1,14,0.0,0.263,0.593,0.127,0.109,76.37899999999998,5.36e-06,0.8440000000000001,73.0,"['chamber pop', 'folk-pop', 'indie folk', 'indie pop', 'melancholia', 'slow core', 'stomp and holler']"
292,0,0,2,4,5,4,4,3,0,20,1.0,0.8690000000000001,0.6779999999999999,0.0593,0.882,123.964,0.0,0.149,63.0,"['boy band', 'dance pop', 'pop', 'post-teen pop', 'talent show']"
293,0,0,2,4,5,4,4,3,0,20,1.0,0.723,0.715,0.084,0.479,114.985,8.57e-05,0.0396,72.0,"['pop punk', 'rock']"
294,0,0,2,4,5,4,4,3,0,20,1.0,0.588,0.506,0.125,0.26899999999999996,78.158,0.000769,0.0114,56.0,"['dance pop', 'electropop', 'pop', 'post-teen pop', 'viral pop']"
295,0,1,2,5,2,5,3,6,1,21,1.0,0.608,0.664,0.225,0.262,97.93299999999999,0.0,0.0477,68.0,"['hip hop', 'indie r&b', 'pop', 'pop rap', 'r&b', 'rap', 'trap music']"
296,0,1,2,5,2,5,3,6,1,21,1.0,0.728,0.841,0.149,0.43,130.049,0.0,0.0847,87.0,"['pop', 'pop rap', 'rap']"
297,2,2,2,3,6,6,0,0,1,15,0.0,0.628,0.8859999999999999,0.31,0.17800000000000002,119.906,1.15e-05,0.00215,66.0,"['dwn trap', 'pop rap', 'rap', 'southern hip hop', 'trap music']"
298,2,2,2,3,6,6,0,0,1,15,0.0,0.7340000000000001,0.782,0.252,0.64,93.196,0.0,0.0571,19.0,"['arabic hip hop', 'gnawa', 'rai', 'rif']"
299,0,1,2,3,1,6,1,3,0,14,0.0,0.8759999999999999,0.542,0.054000000000000006,0.557,156.058,5.1e-05,0.0353,34.0,[]
300,0,1,2,3,1,6,1,3,0,14,0.0,0.726,0.38799999999999996,0.213,0.746,205.07,0.113,0.0447,46.0,"['alternative rock', 'grunge', 'permanent wave', 'post-grunge', 'rock']"
301,0,1,2,0,3,2,1,2,0,8,0.0,0.126,0.504,0.14400000000000002,0.307,84.22399999999998,0.0,0.652,41.0,"['indie anthem-folk', 'indie folk', 'modern alternative rock', 'modern rock']"
302,0,1,2,0,3,2,1,2,0,8,0.0,0.222,0.23199999999999998,0.081,0.0471,81.832,0.0,0.7709999999999999,46.0,"['chamber pop', 'indie folk', 'indie pop', 'la indie', 'metropopolis', 'shimmer pop', 'stomp and holler']"
303,0,1,2,0,3,2,1,2,0,8,0.0,0.28300000000000003,0.602,0.213,0.21899999999999997,126.915,1.09e-06,0.747,35.0,"['acoustic pop', 'canadian folk', 'chamber pop', 'indie anthem-folk', 'indie folk', 'indiecoustica']"
304,1,0,2,1,4,2,4,6,1,17,1.0,0.489,0.439,0.114,0.253,143.808,0.000643,0.132,72.0,"['dance pop', 'neo mellow', 'pop', 'post-teen pop', 'viral pop']"
305,1,0,2,1,4,2,4,6,1,17,1.0,0.433,0.599,0.17800000000000002,0.384,135.94799999999998,8.99e-05,0.693,69.0,"['contemporary country', 'country', 'country road', 'modern country rock']"
306,1,0,2,1,4,2,4,6,1,17,1.0,0.584,0.295,0.0996,0.228,117.2,0.218,0.00038500000000000003,71.0,"['album rock', 'blues-rock', 'british invasion', 'classic rock', 'folk rock', 'hard rock', 'protopunk', 'psychedelic rock', 'rock', 'rock-and-roll']"
307,1,1,2,5,4,4,4,6,0,23,1.0,0.727,0.618,0.196,0.401,164.99200000000002,0.0,0.0312,57.0,"['canadian hip hop', 'canadian pop', 'hip hop', 'rap', 'toronto rap']"
308,1,1,2,5,4,4,4,6,0,23,1.0,0.6729999999999999,0.875,0.292,0.231,130.0,0.0,0.135,63.0,"['pop rap', 'rap', 'southern hip hop', 'trap']"
309,1,1,2,5,4,4,4,6,0,23,1.0,0.722,0.705,0.126,0.635,119.87899999999999,0.0,0.215,19.0,"['chicago rap', 'dance pop', 'hip hop', 'pop', 'pop rap', 'r&b', 'southern hip hop', 'trap', 'urban contemporary']"
310,0,1,2,5,5,5,4,4,0,23,1.0,0.527,0.46299999999999997,0.19699999999999998,0.0424,85.035,0.00563,0.36,49.0,"['acoustic pop', 'indiecoustica', 'neo mellow']"
311,0,1,2,5,5,5,4,4,0,23,1.0,0.825,0.56,0.161,0.268,94.931,0.0,0.32299999999999995,78.0,"['dance pop', 'folk-pop', 'lilith', 'neo mellow', 'piano rock', 'pop rock']"
312,0,1,2,5,5,5,4,4,0,23,1.0,0.564,0.75,0.054000000000000006,0.747,118.012,0.000148,0.13699999999999998,11.0,[]
313,0,1,1,3,4,5,3,6,0,21,1.0,0.677,0.392,0.16,0.377,94.213,1.13e-05,0.465,53.0,[]
314,0,1,1,3,4,5,3,6,0,21,1.0,0.475,0.264,0.109,0.0857,120.465,0.0295,0.0477,15.0,"['alt-indie rock', 'modern alternative rock']"
315,0,1,1,3,4,5,3,6,0,21,1.0,0.5670000000000001,0.31,0.536,0.0865,79.905,0.11199999999999999,0.0264,35.0,"['alternative rock', 'canadian indie', 'chamber pop', 'garage rock', 'indie folk', 'indie pop', 'indie rock', 'indietronica', 'modern rock', 'new rave', 'permanent wave', 'rock']"
316,1,1,0,2,5,6,5,2,1,20,1.0,0.848,0.625,0.23,0.716,137.993,0.0,0.105,68.0,"['contemporary country', 'country', 'country road', 'modern country rock', 'redneck']"
317,1,1,0,2,5,6,5,2,1,20,1.0,0.5379999999999999,0.7120000000000001,0.7979999999999999,0.677,93.001,0.0,0.301,37.0,['canadian country']
318,1,2,0,2,6,1,4,3,1,16,1.0,0.619,0.605,0.0732,0.578,133.07399999999998,0.313,0.423,55.0,"['alternative rock', 'indie pop', 'indie rock', 'modern rock', 'pop rock', 'washington indie']"
319,1,2,0,2,6,1,4,3,1,16,1.0,0.858,0.6459999999999999,0.26899999999999996,0.6890000000000001,81.423,0.0,0.0862,43.0,"['canadian indie', 'modern alternative rock']"
320,1,2,0,2,6,1,4,3,1,16,1.0,0.586,0.693,0.36200000000000004,0.45899999999999996,127.96700000000001,0.0133,0.0667,53.0,"['alternative metal', 'alternative rock', 'dance-punk', 'garage rock', 'indie pop', 'indie rock', 'indietronica', 'la indie', 'modern alternative rock', 'modern rock', 'post-grunge', 'rock']"
321,0,2,1,4,3,3,2,3,0,15,0.0,0.924,0.638,0.149,0.529,111.995,0.000173,0.00205,78.0,"['permanent wave', 'pop']"
322,0,2,1,4,3,3,2,3,0,15,0.0,0.5660000000000001,0.8,0.158,0.674,93.01700000000001,0.000297,0.41600000000000004,0.0,[]
323,0,1,0,3,3,2,5,1,0,14,0.0,0.38799999999999996,0.5670000000000001,0.248,0.452,116.36200000000001,0.000309,0.782,77.0,"['hip hop', 'indie r&b', 'lgbtq+ hip hop', 'neo soul', 'pop', 'rap']"
324,0,1,0,3,3,2,5,1,0,14,0.0,0.637,0.509,0.0789,0.37799999999999995,172.00599999999997,1.0800000000000002e-05,0.0717,81.0,"['barbadian pop', 'dance pop', 'pop', 'pop rap', 'urban contemporary']"
325,0,1,0,3,3,2,5,1,0,14,0.0,0.39399999999999996,0.5429999999999999,0.10800000000000001,0.11800000000000001,137.811,0.000239,0.695,74.0,"['hip hop', 'indie r&b', 'lgbtq+ hip hop', 'neo soul', 'pop', 'rap']"
326,0,1,1,1,1,6,3,6,1,17,1.0,0.287,0.444,0.161,0.24600000000000002,124.027,2.82e-06,0.8490000000000001,71.0,"['hip hop', 'indie r&b', 'lgbtq+ hip hop', 'neo soul', 'pop', 'rap']"
327,0,1,1,1,1,6,3,6,1,17,1.0,0.55,0.7190000000000001,0.146,0.16899999999999998,155.988,0.665,0.00787,5.0,['fake']
328,0,1,2,3,5,5,4,6,0,23,1.0,0.478,0.65,0.177,0.147,99.979,0.0,0.268,77.0,"['dance pop', 'indie r&b', 'pop', 'r&b', 'uk contemporary r&b', 'urban contemporary']"
329,0,1,2,3,5,5,4,6,0,23,1.0,0.654,0.39899999999999997,0.0585,0.462,160.04,0.00025,0.0116,43.0,"['pop', 'pop rap', 'r&b', 'rap', 'toronto rap', 'trap', 'urban contemporary']"
330,1,1,2,4,4,2,4,4,0,18,1.0,0.609,0.652,0.233,0.48200000000000004,95.986,0.00101,0.263,67.0,"['hip pop', 'neo soul', 'pop', 'r&b', 'urban contemporary']"
331,1,1,2,4,4,2,4,4,0,18,1.0,0.743,0.511,0.0764,0.511,88.536,5.18e-06,0.243,45.0,"['abstract hip hop', 'comic', 'indie pop rap', 'pop rap']"
332,1,1,2,4,4,2,4,4,0,18,1.0,0.983,0.242,0.303,0.301,163.366,4.4299999999999986e-05,5.08e-05,60.0,"['emo', 'pop punk']"
333,0,1,2,6,6,6,6,6,0,30,1.0,0.442,0.7659999999999999,0.111,0.39,201.8,6.12e-05,0.00010700000000000001,77.0,"['canadian hip hop', 'canadian pop', 'hip hop', 'pop rap', 'rap']"
334,0,1,1,3,5,6,6,6,0,26,1.0,0.612,0.6920000000000001,0.0831,0.152,99.99799999999999,0.927,0.428,36.0,"['indie poptimism', 'vapor soul']"
335,0,1,1,3,5,6,6,6,0,26,1.0,0.736,0.7390000000000001,0.294,0.163,119.992,0.000443,0.0016600000000000002,53.0,"['dance pop', 'pop', 'post-teen pop']"
336,0,1,1,3,5,6,6,6,0,26,1.0,0.9440000000000001,0.502,0.293,0.899,195.804,0.0,0.11599999999999999,33.0,"['chutney', 'dancehall', 'soca']"
337,0,1,2,2,3,3,2,3,0,13,0.0,0.5920000000000001,0.563,0.132,0.136,104.016,5.08e-05,0.209,79.0,"['irish rock', 'modern rock', 'neo mellow', 'permanent wave', 'pop rock', 'rock']"
338,0,1,2,2,3,3,2,3,0,13,0.0,0.805,0.745,0.13,0.765,126.065,1.06e-06,0.0223,58.0,"['contemporary country', 'country', 'country road', 'modern country rock']"
339,1,1,2,4,3,3,3,2,0,15,0.0,0.451,0.754,0.0688,0.622,138.024,6.5000000000000004e-06,0.0562,52.0,"['art pop', 'dance pop', 'pop']"
340,1,1,2,4,3,3,3,2,0,15,0.0,0.725,0.6679999999999999,0.0561,0.7290000000000001,191.94400000000002,0.000479,0.0102,78.0,"['australian dance', 'australian pop', 'dance pop', 'pop']"
341,1,1,2,4,3,3,3,2,0,15,0.0,0.361,0.6679999999999999,0.0805,0.28800000000000003,134.15,0.00506,0.573,78.0,"['neo mellow', 'pop', 'pop rock', 'singer-songwriter']"
342,1,1,0,3,6,1,2,5,0,17,1.0,0.414,0.409,0.655,0.21100000000000002,102.348,0.00047999999999999996,0.369,52.0,"['hip hop', 'indie r&b', 'pop', 'pop rap', 'r&b', 'rap', 'trap music', 'urban contemporary']"
343,1,1,1,0,0,3,2,4,0,9,0.0,0.573,0.7240000000000001,0.5379999999999999,0.43799999999999994,113.088,0.0,0.11800000000000001,79.0,"['chicago rap', 'rap']"
344,1,1,1,0,0,3,2,4,0,9,0.0,0.491,0.895,0.14300000000000002,0.249,83.505,0.0009880000000000002,0.0144,58.0,"['hip hop', 'pop', 'pop rap', 'rap', 'southern hip hop', 'trap music']"
345,1,1,1,0,0,3,2,4,0,9,0.0,0.679,0.718,0.385,0.205,157.97,0.0104,0.0019100000000000002,65.0,"['hip hop', 'pop', 'pop rap', 'rap', 'southern hip hop', 'trap music']"
346,1,1,2,4,4,2,1,1,0,12,0.0,0.657,0.884,0.154,0.489,107.059,0.0,0.00589,76.0,"['conscious hip hop', 'hip hop', 'pop rap', 'rap', 'west coast rap']"
347,1,1,2,4,4,2,1,1,0,12,0.0,0.633,0.639,0.111,0.243,129.996,0.000218,0.574,65.0,"['canadian pop', 'pop', 'rap']"
348,0,1,2,1,2,3,0,3,1,9,0.0,0.27399999999999997,0.428,0.102,0.17600000000000002,145.067,0.0,0.805,64.0,"['australian pop', 'dance pop', 'neo mellow', 'pop', 'post-teen pop', 'viral pop']"
349,0,1,2,1,2,3,0,3,1,9,0.0,0.537,0.445,0.0941,0.131,122.764,1.6e-05,0.695,57.0,"['indie folk', 'neo mellow', 'pop']"
350,0,1,2,1,2,3,0,3,1,9,0.0,0.316,0.39799999999999996,0.295,0.174,118.58200000000001,0.0,0.805,76.0,['r&b']
351,1,1,2,5,5,2,4,5,0,21,1.0,0.735,0.7240000000000001,0.0797,0.9259999999999999,160.048,0.0,0.44,46.0,"['canadian contemporary r&b', 'canadian hip hop', 'rap calme', 'trap soul']"
352,1,1,2,5,5,2,4,5,0,21,1.0,0.366,0.812,0.0793,0.659,114.09299999999999,0.0,0.36,64.0,"['afrobeats', 'afropop', 'azontobeats', 'nigerian hip hop']"
353,1,1,2,5,4,4,5,5,0,23,1.0,0.406,0.6709999999999999,0.11,0.409,91.04,0.000324,0.321,54.0,"['canadian hip hop', 'hip hop', 'indie r&b', 'pop', 'pop rap', 'r&b', 'rap', 'trap music', 'trap soul']"
354,0,1,0,3,4,1,4,4,0,16,1.0,0.524,0.748,0.111,0.6609999999999999,95.01,0.0,0.414,88.0,"['edm', 'electropop', 'pop', 'tropical house']"
355,0,1,0,3,4,1,4,4,0,16,1.0,0.6940000000000001,0.674,0.0752,0.203,101.993,7.17e-06,0.313,71.0,"['dance pop', 'electropop', 'metropopolis', 'pop', 'post-teen pop', 'swedish electropop', 'swedish pop', 'swedish synthpop', 'tropical house']"
356,0,1,2,3,4,3,2,4,0,16,1.0,0.853,0.708,0.39899999999999997,0.39899999999999997,129.946,0.000173,0.0525,71.0,['k-pop']
357,0,1,2,3,4,3,2,4,0,16,1.0,0.853,0.708,0.39899999999999997,0.39899999999999997,129.946,0.000173,0.0525,71.0,['k-pop']
358,0,1,2,3,4,3,2,4,0,16,1.0,0.885,0.583,0.35700000000000004,0.601,92.959,0.0,0.0244,78.0,['k-pop']
359,1,1,2,1,4,3,5,5,1,18,1.0,0.5670000000000001,0.619,0.11599999999999999,0.363,169.96599999999995,0.914,0.0248,10.0,['karaoke']
360,1,1,2,1,4,3,5,5,1,18,1.0,0.76,0.653,0.19899999999999998,0.7290000000000001,116.009,0.0766,0.0704,6.0,[]
361,0,1,1,3,5,4,2,5,0,19,1.0,0.7759999999999999,0.9540000000000001,0.0716,0.595,138.961,0.6659999999999999,0.36,0.0,[]
362,0,1,1,3,5,4,2,5,0,19,1.0,0.428,0.64,0.14,0.608,133.996,0.91,0.122,5.0,['karaoke']
363,0,1,2,6,4,5,4,4,1,23,1.0,0.488,0.927,0.196,0.605,133.987,0.0,0.10800000000000001,79.0,"['canadian hip hop', 'canadian pop', 'hip hop', 'pop rap', 'rap']"
364,0,1,2,6,4,5,4,4,1,23,1.0,0.747,0.773,0.11,0.8,126.014,8.23e-06,0.0239,81.0,"['dance pop', 'girl group', 'pop', 'post-teen pop', 'r&b', 'talent show']"
365,1,1,1,4,4,2,4,5,0,19,1.0,0.865,0.545,0.168,0.5429999999999999,99.01,1.12e-05,0.006640000000000001,79.0,"['alternative metal', 'nu metal', 'pop punk', 'pop rock', 'post-grunge', 'rap metal']"
366,1,1,1,4,4,2,4,5,0,19,1.0,0.6759999999999999,0.615,0.17300000000000001,0.8590000000000001,121.046,0.006520000000000001,0.0373,14.0,"['canadian indie', 'canadian rock']"
367,0,1,1,2,4,3,2,5,0,16,1.0,0.637,0.509,0.0789,0.37799999999999995,172.00599999999997,1.0800000000000002e-05,0.0717,81.0,"['barbadian pop', 'dance pop', 'pop', 'pop rap', 'urban contemporary']"
368,0,1,1,2,4,3,2,5,0,16,1.0,0.4920000000000001,0.654,0.14400000000000002,0.185,94.992,0.0006940000000000001,0.0307,55.0,"['dance pop', 'deep pop r&b', 'indie r&b', 'metropopolis', 'pop', 'pop rap', 'post-teen pop', 'r&b', 'rap', 'urban contemporary']"
369,0,1,0,1,1,4,0,4,1,10,0.0,0.585,0.8029999999999999,0.0644,0.593,105.01700000000001,3.94e-06,0.10300000000000001,82.0,"['dance pop', 'electropop', 'girl group', 'pop', 'post-teen pop', 'talent show']"
370,0,1,0,1,1,4,0,4,1,10,0.0,0.451,0.48100000000000004,0.0872,0.289,157.966,0.0,0.336,74.0,['pop']
371,0,1,0,1,1,4,0,4,1,10,0.0,0.698,0.628,0.0907,0.732,89.976,0.00143,0.0472,76.0,"['australian dance', 'australian pop', 'dance pop', 'pop']"
372,1,1,2,2,4,5,4,5,0,20,1.0,0.929,0.312,0.578,0.44299999999999995,170.017,0.8390000000000001,0.000465,47.0,"['djent', 'instrumental rock', 'jazz metal']"
373,1,1,2,2,4,5,4,5,0,20,1.0,0.9420000000000001,0.528,0.344,0.42100000000000004,110.05799999999999,0.0,8.26e-05,65.0,"['alternative metal', 'nu metal', 'pop punk', 'post-grunge', 'rap metal', 'rap rock']"
374,1,1,2,2,4,5,4,5,0,20,1.0,0.8690000000000001,0.35100000000000003,0.0886,0.355,182.81099999999998,0.000206,0.00014,62.0,"['alternative metal', 'nu metal', 'post-grunge', 'rap metal', 'rap rock']"
375,0,1,1,3,3,2,4,4,0,16,1.0,0.484,0.509,0.308,0.249,125.0,3.41e-06,0.39399999999999996,63.0,['indie rock']
376,0,1,1,3,3,2,4,4,0,16,1.0,0.8,0.638,0.113,0.569,112.055,0.005529999999999999,0.3720000000000001,82.0,"['art rock', 'dance rock', 'new romantic', 'new wave', 'new wave pop', 'permanent wave', 'rock', 'soft rock', 'synthpop']"
377,0,1,1,3,3,2,4,4,0,16,1.0,0.385,0.779,0.191,0.54,129.98,0.669,0.0697,0.0,['karaoke']
378,1,1,2,4,6,3,6,6,1,25,1.0,0.835,0.527,0.249,0.654,125.98299999999999,0.0,0.0166,80.0,"['big room', 'edm']"
379,1,1,2,4,6,3,6,6,1,25,1.0,0.8859999999999999,0.6679999999999999,0.45899999999999996,0.503,142.002,0.0,0.0417,69.0,"['detroit hip hop', 'hip hop', 'rap']"
380,1,1,2,4,6,3,6,6,1,25,1.0,0.41700000000000004,0.6859999999999999,0.0844,0.451,82.40700000000002,1.79e-06,0.606,72.0,"['australian country', 'contemporary country', 'country', 'country road']"
381,1,1,1,2,5,4,3,3,0,17,1.0,0.917,0.55,0.19699999999999998,0.601,126.115,0.0,0.00428,79.0,"['alternative metal', 'permanent wave', 'punk', 'rock', 'skate punk', 'socal pop punk']"
382,1,1,1,2,5,4,3,3,0,17,1.0,0.823,0.693,0.32799999999999996,0.741,87.904,0.0,0.0932,71.0,"['alternative rock', 'modern power pop', 'modern rock', 'permanent wave', 'rock']"
383,1,1,2,3,3,3,3,3,1,15,0.0,0.649,0.578,0.113,0.18600000000000005,133.03,5.7600000000000004e-05,0.0231,42.0,"['canadian country', 'contemporary country', 'country', 'country road', 'modern country rock']"
384,1,1,2,3,3,3,3,3,1,15,0.0,0.7929999999999999,0.442,0.32799999999999996,0.4370000000000001,80.985,0.0,0.0456,63.0,"['neo mellow', 'pop rock', 'post-grunge']"
385,1,1,2,3,3,3,3,3,1,15,0.0,0.5579999999999999,0.759,0.102,0.366,126.78299999999999,0.00743,0.0271,41.0,"['canadian indie', 'canadian rock', 'deep new americana']"
386,1,1,1,4,5,2,4,3,1,18,1.0,0.444,0.9059999999999999,0.17300000000000001,0.6779999999999999,140.063,6.440000000000001e-05,0.136,75.0,"['hip hop', 'pop', 'pop rap', 'rap', 'southern hip hop', 'trap music']"
387,1,1,1,4,5,2,4,3,1,18,1.0,0.84,0.684,0.155,0.7440000000000001,145.905,0.000223,0.21100000000000002,50.0,"['dance pop', 'pop', 'post-teen pop', 'r&b', 'urban contemporary']"
388,0,1,2,3,3,2,2,4,0,14,0.0,0.8029999999999999,0.818,0.153,0.632,106.97,0.0,0.034,78.0,"['dance pop', 'pop']"
389,0,1,2,3,3,2,2,4,0,14,0.0,0.445,0.7809999999999999,0.184,0.591,78.998,0.0,0.474,86.0,['pop']
390,0,1,2,3,3,2,2,4,0,14,0.0,0.573,0.664,0.0857,0.5660000000000001,76.023,0.000363,0.613,79.0,"['folk-pop', 'modern rock', 'pop', 'pop rock', 'stomp and holler']"
391,0,0,1,3,4,5,3,3,0,18,1.0,0.557,0.444,0.152,0.29600000000000004,115.05799999999999,0.0,0.45299999999999996,71.0,"['australian alternative rock', 'australian dance', 'downtempo', 'edm', 'pop']"
392,1,1,1,6,6,3,6,6,1,27,1.0,0.601,0.777,0.0348,0.68,97.911,0.00201,0.0406,70.0,"['blues-rock', 'classic rock', 'rock']"
393,1,1,1,6,6,3,6,6,1,27,1.0,0.335,0.94,0.262,0.7070000000000001,120.04,0.0,0.17,76.0,"['hip hop', 'pop', 'portland hip hop', 'rap', 'underground hip hop']"
394,1,1,1,6,6,3,6,6,1,27,1.0,0.632,0.794,0.128,0.355,145.92600000000004,0.0,0.142,79.0,"['hip hop', 'pop', 'pop rap', 'rap', 'southern hip hop', 'trap music']"
395,0,1,2,5,3,6,4,2,0,20,1.0,0.48,0.685,0.133,0.657,142.972,0.00828,0.632,54.0,"['electropop', 'indie poptimism', 'indie r&b', 'modern rock', 'pop']"
396,0,1,2,5,3,6,4,2,0,20,1.0,0.9540000000000001,0.773,0.0805,0.6859999999999999,112.031,0.0,0.0574,44.0,"['dance pop', 'pop', 'post-teen pop', 'viral pop']"
397,0,1,2,5,3,6,4,2,0,20,1.0,0.359,0.779,0.0883,0.133,114.009,0.0376,0.8059999999999999,39.0,[]
398,0,1,2,4,4,3,3,5,0,19,1.0,0.608,0.603,0.255,0.14400000000000002,175.959,0.551,0.134,40.0,"['chillwave', 'future funk', 'indietronica', 'retro electro', 'vaporwave', 'wonky']"
399,0,1,2,4,4,3,3,5,0,19,1.0,0.867,0.382,0.196,0.45299999999999996,87.309,0.581,5.91e-06,62.0,"['alternative metal', 'alternative rock', 'modern rock', 'nu metal', 'permanent wave', 'pop rock', 'post-grunge', 'rock']"
400,0,1,2,4,4,3,3,5,0,19,1.0,0.644,0.69,0.196,0.66,103.053,0.0,0.408,34.0,"['canadian indie', 'vancouver indie']"
401,0,0,1,5,4,5,3,3,1,20,1.0,0.594,0.381,0.0925,0.273,143.86,0.0,0.348,74.0,['pop']
402,0,0,1,5,4,5,3,3,1,20,1.0,0.718,0.6679999999999999,0.10400000000000001,0.345,91.993,0.0,0.0165,71.0,"['dance pop', 'pop', 'pop rap', 'post-teen pop']"
403,1,1,0,3,6,2,6,4,1,21,1.0,0.894,0.581,0.16899999999999998,0.183,112.052,0.0,0.00509,37.0,"['alternative metal', 'canadian punk', 'punk']"
404,1,1,0,3,6,2,6,4,1,21,1.0,0.797,0.295,0.125,0.107,150.30100000000004,0.00042699999999999997,0.598,67.0,"['alternative metal', 'nu metal', 'post-grunge', 'rock']"
405,1,1,0,3,6,2,6,4,1,21,1.0,0.711,0.517,0.568,0.5820000000000001,108.846,7.15e-06,0.000763,61.0,"['alternative rock', 'blues rock', 'garage rock', 'modern blues rock', 'modern rock', 'punk blues', 'rock', 'roots rock']"
406,1,1,2,4,4,2,2,4,0,16,1.0,0.524,0.748,0.111,0.6609999999999999,95.01,0.0,0.414,88.0,"['edm', 'electropop', 'pop', 'tropical house']"
407,1,1,2,4,4,2,2,4,0,16,1.0,0.915,0.5429999999999999,0.7440000000000001,0.5770000000000001,153.998,0.0,0.0162,80.0,"['pop rap', 'rap']"
408,1,1,2,4,4,2,2,4,0,16,1.0,0.563,0.728,0.179,0.35200000000000004,100.01700000000001,0.0,0.621,72.0,"['dance pop', 'pop', 'post-teen pop', 'viral pop']"
409,1,1,2,5,6,5,5,6,1,27,1.0,0.6409999999999999,0.82,0.102,0.395,117.97399999999999,5.07e-05,0.0662,77.0,"['canadian hip hop', 'canadian pop', 'hip hop', 'pop rap', 'rap']"
410,1,1,2,5,6,5,5,6,1,27,1.0,0.8340000000000001,0.736,0.40700000000000003,0.23399999999999999,100.979,0.0,0.077,55.0,"['east coast hip hop', 'gangster rap', 'hardcore hip hop', 'hip hop', 'pop rap', 'rap']"
411,0,1,1,4,5,5,4,6,0,24,1.0,0.495,0.825,0.145,0.8809999999999999,122.052,4.01e-05,0.581,64.0,"['dance pop', 'neo mellow', 'pop', 'pop rock', 'post-teen pop', 'viral pop']"
412,0,1,1,4,5,5,4,6,0,24,1.0,0.92,0.6629999999999999,0.10099999999999999,0.5329999999999999,99.935,1.6899999999999994e-05,0.0043100000000000005,77.0,"['dance pop', 'latin', 'latin pop', 'mexican pop', 'tropical']"
413,0,1,1,4,5,5,4,6,0,24,1.0,0.826,0.6709999999999999,0.631,0.774,123.986,0.0,0.00718,70.0,"['dance pop', 'edm', 'pop']"
414,1,1,1,3,4,5,3,3,0,18,1.0,0.47100000000000003,0.713,0.0308,0.7809999999999999,199.765,0.0,0.42100000000000004,67.0,"['dance pop', 'dirty south rap', 'east coast hip hop', 'hip hop', 'hip pop', 'pop rap', 'r&b', 'rap']"
415,1,1,1,3,4,5,3,3,0,18,1.0,0.794,0.763,0.327,0.65,99.999,2.86e-06,0.122,63.0,"['dance pop', 'pop', 'pop rap', 'r&b', 'urban contemporary']"
416,1,1,1,3,4,5,3,3,0,18,1.0,0.7020000000000001,0.6890000000000001,0.159,0.484,99.031,0.0,0.21600000000000005,80.0,"['boy band', 'dance pop', 'europop', 'pop']"
417,0,1,2,6,4,4,4,4,0,22,1.0,0.309,0.775,0.109,0.483,112.027,0.0,0.28300000000000003,2.0,[]
418,0,1,2,6,4,4,4,4,0,22,1.0,0.529,0.546,0.124,0.247,107.331,6.5000000000000004e-06,0.0862,75.0,"['canadian hip hop', 'canadian trap', 'hip hop', 'melodic rap', 'pop rap', 'r&b', 'rap', 'toronto rap', 'trap']"
419,1,1,2,3,4,5,4,6,1,22,1.0,0.758,0.7070000000000001,0.141,0.674,97.037,0.0,0.0399,76.0,['k-pop']
420,1,1,2,3,4,5,4,6,1,22,1.0,0.838,0.67,0.159,0.7170000000000001,104.99799999999999,0.000611,0.0604,72.0,['aussietronica']
421,1,1,2,3,4,5,4,6,1,22,1.0,0.887,0.807,0.391,0.78,160.517,0.0,0.00381,58.0,[]
422,0,1,2,3,4,4,3,4,0,18,1.0,0.5870000000000001,0.679,0.13699999999999998,0.486,186.003,6.35e-06,0.141,84.0,"['dfw rap', 'melodic rap', 'rap']"
423,0,1,2,3,4,4,3,4,0,18,1.0,0.743,0.49,0.3,0.363,89.97399999999998,7.21e-06,0.255,80.0,"['permanent wave', 'pop']"
424,0,1,2,3,4,4,3,4,0,18,1.0,0.396,0.732,0.105,0.5479999999999999,90.024,3.5799999999999996e-05,0.0841,83.0,"['pop punk', 'rock']"
425,0,1,2,4,4,4,3,5,1,20,1.0,0.85,0.436,0.128,0.537,152.644,0.74,0.0008609999999999999,69.0,"['garage rock', 'indie rock', 'modern rock', 'rock']"
426,0,1,2,4,4,4,3,5,1,20,1.0,0.831,0.42100000000000004,0.46399999999999997,0.488,134.02700000000002,0.0,0.0283,61.0,"['indie pop', 'indie poptimism', 'indietronica', 'modern alternative rock', 'modern rock', 'pop', 'pop rock']"
427,0,1,2,4,4,4,3,5,1,20,1.0,0.8859999999999999,0.623,0.247,0.7090000000000001,92.021,0.0,0.0245,64.0,"['indie pop', 'indie poptimism', 'indie rock', 'indietronica', 'la indie', 'modern alternative rock', 'modern rock', 'rock', 'stomp and holler']"
428,1,1,1,5,6,5,6,5,0,27,1.0,0.523,0.48,0.14300000000000002,0.0979,137.671,0.0,0.00979,49.0,"['canadian hip hop', 'canadian trap', 'hip hop', 'melodic rap', 'pop rap', 'r&b', 'rap', 'toronto rap', 'trap']"
429,1,1,1,5,6,5,6,5,0,27,1.0,0.433,0.53,0.135,0.27399999999999997,160.14,0.0,0.10800000000000001,81.0,"['hip hop', 'indie r&b', 'pop', 'pop rap', 'r&b', 'rap', 'trap music']"
430,1,1,1,5,6,5,6,5,0,27,1.0,0.6779999999999999,0.596,0.418,0.259,117.066,0.004,0.0199,71.0,"['hip hop', 'indie r&b', 'pop', 'pop rap', 'r&b', 'rap', 'trap music', 'urban contemporary']"
431,1,1,0,5,4,4,5,6,1,24,1.0,0.7559999999999999,0.35700000000000004,0.76,0.95,174.797,0.00505,0.733,72.0,"['christmas', 'rock-and-roll', 'rockabilly']"
432,1,1,0,5,4,4,5,6,1,24,1.0,0.8059999999999999,0.522,0.313,0.9690000000000001,168.078,5.479999999999999e-05,0.748,74.0,"['blues-rock', 'christmas', 'classic rock', 'folk rock', 'rock', 'rock-and-roll', 'rockabilly', 'soul']"
433,1,1,1,3,4,3,4,5,1,19,1.0,0.7659999999999999,0.5660000000000001,0.11699999999999999,0.401,139.955,0.0,0.133,54.0,"['ccm', 'christian alternative rock', 'christian music']"
434,1,1,1,3,4,3,4,5,1,19,1.0,0.506,0.373,0.11800000000000001,0.12300000000000001,157.74200000000002,1.03e-06,0.718,56.0,[]
435,1,1,1,3,4,3,4,5,1,19,1.0,0.344,0.28,0.133,0.23199999999999998,171.143,0.00642,0.715,64.0,"['canadian folk', 'folk', 'folk rock', 'folk-pop', 'melancholia', 'permanent wave', 'singer-songwriter', 'traditional folk']"
436,0,1,1,2,4,4,3,2,0,15,0.0,0.9209999999999999,0.46799999999999997,0.222,0.9129999999999999,185.93400000000003,0.0,0.0511,36.0,['canadian country']
437,0,1,1,2,4,4,3,2,0,15,0.0,0.715,0.684,0.18100000000000002,0.563,96.01799999999999,0.0,0.159,57.0,"['contemporary country', 'country', 'country road', 'modern country rock']"
438,0,1,1,2,4,4,3,2,0,15,0.0,0.924,0.52,0.128,0.8440000000000001,173.98,2.31e-06,0.00121,50.0,"['contemporary country', 'country', 'country road']"
439,1,1,2,6,5,6,6,6,0,29,1.0,0.875,0.573,0.35600000000000004,0.235,149.974,0.0,0.0232,64.0,"['complextro', 'dance pop', 'edm', 'german techno', 'pop', 'post-teen pop', 'tropical house']"
440,1,1,2,6,5,6,6,6,0,29,1.0,0.8009999999999999,0.609,0.127,0.40700000000000003,129.99,0.00349,0.0137,64.0,"['complextro', 'dance pop', 'edm', 'german techno', 'pop', 'post-teen pop', 'tropical house']"
441,0,1,1,5,4,4,4,5,0,22,1.0,0.48100000000000004,0.594,0.0939,0.0671,144.941,0.0126,0.629,63.0,"['art pop', 'electropop', 'pop']"
442,0,1,1,5,4,4,4,5,0,22,1.0,0.39799999999999996,0.4270000000000001,0.0903,0.114,139.249,0.00479,0.45299999999999996,57.0,"['dance pop', 'electropop', 'indie electro-pop', 'indie poptimism', 'indietronica', 'vapor soul']"
443,0,1,1,5,4,4,4,5,0,22,1.0,0.597,0.643,0.107,0.375,119.82700000000001,9.9e-06,0.509,61.0,"['dance pop', 'pop', 'post-teen pop']"
444,0,1,0,1,3,2,2,2,0,10,0.0,0.736,0.65,0.235,0.612,159.174,0.0,0.0513,84.0,"['dance pop', 'pop', 'post-teen pop']"
445,0,1,0,1,3,2,2,2,0,10,0.0,0.7979999999999999,0.608,0.156,0.501,92.943,0.0,0.0736,61.0,"['dance pop', 'edm', 'electro house', 'moombahton', 'pop', 'pop dance', 'pop rap', 'tropical house']"
446,0,1,0,1,3,2,2,2,0,10,0.0,0.716,0.649,0.135,0.163,99.988,2.6300000000000002e-05,0.0863,82.0,"['dance pop', 'edm', 'electronic trap', 'pop', 'pop dance', 'pop rap']"
447,0,1,1,3,3,4,4,4,0,18,1.0,0.21600000000000005,0.508,0.125,0.615,120.96600000000001,0.887,0.221,19.0,[]
448,0,1,1,3,3,4,4,4,0,18,1.0,0.23199999999999998,0.131,0.0935,0.0393,178.208,0.774,0.9520000000000001,42.0,"['post-romantic era', 'ukrainian classical']"
449,0,1,1,3,3,4,4,4,0,18,1.0,0.247,0.585,0.107,0.591,127.15,8.85e-06,0.452,69.0,"['adult standards', 'christmas', 'easy listening', 'lounge']"
450,1,1,2,3,3,2,2,4,0,14,0.0,0.578,0.733,0.40299999999999997,0.447,142.028,1.19e-06,0.0859,67.0,"['pop', 'pop rap', 'rap']"
451,1,1,2,3,3,2,2,4,0,14,0.0,0.5,0.782,0.133,0.281,102.001,2.05e-05,0.342,66.0,"['indie r&b', 'rap', 'trap music', 'trap soul', 'underground hip hop']"
452,1,1,2,3,3,2,2,4,0,14,0.0,0.629,0.755,0.126,0.591,143.083,0.0,0.32,52.0,"['hip hop', 'rap', 'southern hip hop', 'trap', 'vapor trap']"
453,0,2,1,5,5,5,5,6,0,26,1.0,0.7340000000000001,0.623,0.145,0.3720000000000001,107.853,1.9e-06,0.0162,83.0,"['dance pop', 'pop', 'post-teen pop']"
454,0,2,1,5,5,5,5,6,0,26,1.0,0.418,0.484,0.0625,0.542,190.237,0.408,0.0021100000000000003,1.0,['karaoke']
455,1,1,1,3,4,4,3,5,0,19,1.0,0.541,0.643,0.102,0.165,119.501,0.0,0.0102,69.0,"['hip hop', 'indie r&b', 'pop', 'pop rap', 'r&b', 'rap', 'trap music', 'urban contemporary']"
456,1,1,1,3,4,4,3,5,0,19,1.0,0.589,0.7440000000000001,0.11900000000000001,0.242,127.051,0.0,0.36,72.0,"['pop', 'pop rap', 'rap']"
457,1,1,1,3,4,4,3,5,0,19,1.0,0.528,0.539,0.11699999999999999,0.252,190.169,0.0,0.0108,71.0,"['canadian hip hop', 'hip hop', 'indie r&b', 'pop', 'pop rap', 'r&b', 'rap', 'southern hip hop', 'trap music']"
458,0,0,2,3,3,5,2,6,0,19,1.0,0.61,0.7829999999999999,0.0983,0.418,100.04700000000001,0.0,0.34299999999999997,69.0,"['pop', 'pop rock']"
459,0,0,2,3,3,5,2,6,0,19,1.0,0.586,0.662,0.115,0.29600000000000004,90.0,0.0027199999999999998,0.09699999999999999,75.0,"['edm', 'electropop', 'pop', 'tropical house']"
460,0,1,1,3,2,2,5,5,0,17,1.0,0.593,0.527,0.11,0.28300000000000003,90.167,0.000182,0.413,51.0,"['neo mellow', 'piano rock', 'pop', 'pop rock']"
461,0,1,1,3,2,2,5,5,0,17,1.0,0.6609999999999999,0.604,0.0951,0.506,107.016,0.0,0.23399999999999999,74.0,"['edm', 'pop', 'tropical house']"
462,1,1,1,3,5,0,5,4,0,17,1.0,0.264,0.297,0.7,0.247,62.074,1.4000000000000001e-05,0.943,44.0,"['classical', 'italian opera', 'italian romanticism', 'post-romantic era']"
463,1,1,1,3,5,0,5,4,0,17,1.0,0.37,0.392,0.0821,0.512,48.718,0.0096,0.205,78.0,['contemporary country']
464,1,1,1,3,5,0,5,4,0,17,1.0,0.512,0.574,0.0946,0.512,76.899,0.0,0.23399999999999999,67.0,"['dance pop', 'pop']"
465,0,1,2,3,5,2,5,4,1,19,1.0,0.742,0.862,0.10300000000000001,0.511,127.91,0.00855,0.0037600000000000003,64.0,"['dance pop', 'latin', 'miami hip hop', 'pop', 'pop rap']"
466,0,1,2,3,5,2,5,4,1,19,1.0,0.843,0.708,0.799,0.625,148.14,0.0,0.397,81.0,"['detroit hip hop', 'g funk', 'hip hop', 'rap']"
467,1,1,2,5,5,4,6,5,0,25,1.0,0.804,0.63,0.253,0.4920000000000001,123.146,0.0,0.215,88.0,"['pop', 'rap']"
468,1,1,2,5,5,4,6,5,0,25,1.0,0.763,0.625,0.214,0.721,88.75299999999999,0.0106,0.147,75.0,"['edm', 'vapor soul']"
469,1,1,2,5,5,4,6,5,0,25,1.0,0.727,0.618,0.196,0.401,164.99200000000005,0.0,0.0312,65.0,"['hip hop', 'pop', 'pop rap', 'rap', 'southern hip hop', 'trap music']"
470,1,1,0,3,6,6,6,6,1,27,1.0,0.877,0.655,0.349,0.893,105.01700000000001,0.0,0.344,75.0,"['latin', 'latin pop', 'salsa', 'tropical']"
471,1,1,0,3,6,6,6,6,1,27,1.0,0.853,0.542,0.10800000000000001,0.37,105.256,0.0,0.0103,85.0,"['alternative metal', 'nu metal', 'post-grunge', 'rap metal']"
472,1,1,0,3,6,6,6,6,1,27,1.0,0.81,0.664,0.0559,0.162,164.05200000000005,1.62e-06,0.00196,74.0,"['detroit hip hop', 'g funk', 'hip hop', 'rap']"
473,1,1,2,5,6,4,6,4,1,25,1.0,0.753,0.7020000000000001,0.41,0.45299999999999996,139.98,1.38e-06,0.0609,63.0,"['pop', 'pop rap', 'rap']"
474,1,1,2,5,6,4,6,4,1,25,1.0,0.6609999999999999,0.406,0.10099999999999999,0.335,180.206,0.0,0.17300000000000001,65.0,"['hip hop', 'pop', 'pop rap', 'rap', 'southern hip hop', 'trap music']"
475,1,1,2,5,6,4,6,4,1,25,1.0,0.725,0.602,0.0786,0.304,122.803,0.0,0.174,76.0,"['dwn trap', 'hip hop', 'pop', 'pop rap', 'rap', 'southern hip hop', 'trap music']"
476,0,1,2,5,4,5,3,4,1,21,1.0,0.598,0.897,0.0646,0.528,119.96600000000001,0.0014,0.4920000000000001,65.0,"['east coast hip hop', 'hip hop', 'pop', 'pop rap', 'rap', 'trap music']"
477,0,1,2,5,4,5,3,4,1,21,1.0,0.9490000000000001,0.9440000000000001,0.348,0.763,116.012,0.0,0.0724,44.0,"['gangster rap', 'hip hop', 'pop rap', 'rap', 'southern hip hop', 'trap', 'underground hip hop']"
478,0,1,2,5,4,5,3,4,1,21,1.0,0.7290000000000001,0.48700000000000004,0.44,0.217,91.04799999999999,4.07e-06,0.0538,67.0,"['conscious hip hop', 'hip hop', 'pop rap', 'rap', 'west coast rap']"
479,0,1,3,4,5,4,5,6,0,24,1.0,0.625,0.49,0.11800000000000001,0.748,78.762,0.0,0.4970000000000001,66.0,"['dance pop', 'downtempo', 'edm', 'electropop', 'pop', 'post-teen pop', 'shiver pop']"
480,0,1,3,4,5,4,5,6,0,24,1.0,0.69,0.62,0.131,0.331,133.935,0.0,0.0931,78.0,"['pop', 'rap']"
481,0,1,2,4,5,4,5,3,1,21,1.0,0.873,0.5429999999999999,0.15,0.7859999999999999,150.891,9.449999999999999e-05,0.0165,48.0,"['garage rock', 'indie rock', 'modern rock', 'rock']"
482,0,1,2,4,5,4,5,3,1,21,1.0,0.95,0.575,0.765,0.315,96.046,9.470000000000001e-05,0.00842,54.0,"['la indie', 'modern alternative rock', 'modern rock', 'rock', 'stomp pop']"
483,0,1,2,4,5,4,5,3,1,21,1.0,0.0218,0.332,0.11199999999999999,0.11900000000000001,83.626,6.54e-05,0.8690000000000001,28.0,[]
484,0,1,2,4,4,4,5,4,1,21,1.0,0.847,0.67,0.22,0.613,150.109,0.0,0.0156,64.0,"['dance pop', 'edm', 'pop', 'post-teen pop', 'r&b', 'swedish electropop', 'swedish pop', 'tropical house']"
485,0,1,2,4,4,4,5,4,1,21,1.0,0.40399999999999997,0.74,0.128,0.4270000000000001,117.887,1.41e-06,0.21899999999999997,60.0,"['hip hop', 'hip pop', 'indie r&b', 'neo soul', 'new jack swing', 'quiet storm', 'r&b', 'urban contemporary']"
486,0,1,2,4,4,4,5,4,1,21,1.0,0.867,0.7979999999999999,0.193,0.7020000000000001,99.99600000000001,0.0,0.0618,66.0,['k-pop']
487,0,1,2,2,2,3,4,5,0,16,1.0,0.948,0.337,0.152,0.7090000000000001,157.966,0.0017699999999999999,0.00465,22.0,"['canadian indie', 'canadian rock', 'post-grunge']"
488,0,1,2,2,2,3,4,5,0,16,1.0,0.8290000000000001,0.575,0.139,0.48,140.035,0.0,0.32,39.0,"['canadian country', 'contemporary country', 'country', 'country road', 'modern country rock']"
489,0,1,2,2,2,3,4,5,0,16,1.0,0.765,0.643,0.0411,0.353,111.97200000000001,0.00317,0.00954,42.0,[]
490,0,1,2,2,6,2,4,4,0,18,1.0,0.804,0.9159999999999999,0.0812,0.5379999999999999,120.02799999999999,1.18e-05,0.37,71.0,"['dance pop', 'grime', 'hip hop', 'house', 'pop', 'pop rap', 'post-teen pop', 'r&b', 'rap', 'tropical house']"
491,0,1,2,2,6,2,4,4,0,18,1.0,0.45299999999999996,0.61,0.122,0.305,85.97399999999999,3.04e-06,0.469,39.0,[]
492,0,1,2,2,6,2,4,4,0,18,1.0,0.733,0.741,0.39399999999999996,0.5379999999999999,96.044,0.0,0.413,59.0,"['electropop', 'house', 'indie r&b', 'indietronica', 'pop', 'tropical house']"
493,0,1,1,4,3,4,2,4,1,17,1.0,0.7979999999999999,0.614,0.0966,0.593,98.12700000000001,5.83e-06,0.106,67.0,"['modern rock', 'pop', 'pop rap']"
494,0,1,1,5,5,3,5,5,1,23,1.0,0.866,0.385,0.111,0.551,176.014,0.0,0.004,81.0,"['emo', 'modern rock', 'pop punk']"
495,0,1,1,5,5,3,5,5,1,23,1.0,0.7070000000000001,0.526,0.335,0.263,145.02100000000002,0.0005059999999999999,0.00046399999999999995,38.0,"['modern rock', 'pop', 'rock']"
496,0,1,1,5,5,3,5,5,1,23,1.0,0.9520000000000001,0.5429999999999999,0.38,0.591,107.94200000000001,7.8e-06,0.000192,71.0,"['alternative metal', 'nu metal', 'post-grunge', 'rap metal', 'rap rock']"
497,1,1,2,5,6,5,6,4,0,26,1.0,0.276,0.293,0.16699999999999998,0.196,121.603,0.11900000000000001,0.22899999999999998,62.0,"['alternative rock', 'art rock', 'melancholia', 'modern rock', 'permanent wave', 'rock']"
498,1,1,2,5,6,5,6,4,0,26,1.0,0.335,0.893,0.175,0.619,102.911,0.0,0.106,35.0,['neo soul']
499,1,1,2,5,6,5,6,4,0,26,1.0,0.467,0.529,0.12,0.6659999999999999,112.294,0.00309,0.0372,52.0,"['alternative rock', 'boston rock', 'modern rock', 'permanent wave', 'rock']"
500,0,1,2,4,4,6,5,5,0,24,1.0,0.401,0.6779999999999999,0.11800000000000001,0.19399999999999998,111.855,0.0,0.72,77.0,"['dance pop', 'pop', 'post-teen pop']"
501,0,1,2,4,4,6,5,5,0,24,1.0,0.7240000000000001,0.4,0.0927,0.43,96.78200000000001,0.0,0.375,65.0,"['k-hop', 'k-pop', 'korean pop', 'korean r&b']"
502,0,1,2,4,5,4,5,5,1,23,1.0,0.379,0.614,0.0986,0.201,107.98899999999999,0.00046399999999999995,0.607,86.0,['pop']
503,0,1,2,4,5,4,5,5,1,23,1.0,0.42700000000000005,0.831,0.307,0.21600000000000003,93.00399999999999,0.0,0.0531,81.0,"['conscious hip hop', 'hip hop', 'north carolina hip hop', 'rap']"
504,0,1,2,4,5,4,5,5,1,23,1.0,0.507,0.743,0.111,0.358,79.01100000000002,0.0,0.606,61.0,"['hip hop', 'pop', 'rap']"
505,0,2,0,3,5,3,3,6,1,20,1.0,0.8320000000000001,0.669,0.0968,0.7,113.035,0.0,0.0106,77.0,"['dance pop', 'pop']"
506,0,2,0,3,5,3,3,6,1,20,1.0,0.9279999999999999,0.63,0.14800000000000002,0.465,123.963,0.124,0.19899999999999998,82.0,"['dance pop', 'edm', 'electro house', 'house', 'pop', 'progressive house']"
507,0,2,0,3,5,3,3,6,1,20,1.0,0.8690000000000001,0.532,0.136,0.42200000000000004,159.803,0.0050799999999999994,0.157,84.0,"['edm', 'electropop', 'pop', 'tropical house']"
508,0,1,2,4,5,3,4,4,1,20,1.0,0.501,0.762,0.111,0.267,120.01799999999999,0.00481,0.0201,40.0,[]
509,0,1,2,4,5,3,4,4,1,20,1.0,0.72,0.589,0.0946,0.35600000000000004,127.99,0.000122,0.161,55.0,"['aussietronica', 'dance pop', 'electropop', 'indie electro-pop', 'indie poptimism', 'indietronica', 'pop', 'vapor soul']"
510,0,1,2,4,5,3,4,4,1,20,1.0,0.7090000000000001,0.594,0.0738,0.5870000000000001,90.001,0.0562,0.0315,64.0,"['deep tropical house', 'electropop', 'indie poptimism', 'modern rock', 'pop', 'tropical house']"
511,0,1,1,6,5,6,6,6,0,29,1.0,0.42,0.413,0.0698,0.0367,92.425,0.9520000000000001,0.93,54.0,"['bow pop', 'compositional ambient']"
512,0,1,1,6,5,6,6,6,0,29,1.0,0.21,0.14400000000000002,0.0694,0.084,88.771,0.883,0.914,60.0,"['bow pop', 'compositional ambient']"
513,0,1,1,6,5,6,6,6,0,29,1.0,0.0297,0.231,0.0742,0.07,131.41299999999998,0.878,0.991,70.0,"['bow pop', 'compositional ambient', 'neo-classical']"
514,0,1,2,2,1,3,0,3,1,9,0.0,0.662,0.679,0.152,0.43799999999999994,99.87899999999999,0.0,0.155,77.0,"['edm', 'pop', 'tropical house']"
515,0,1,2,2,1,3,0,3,1,9,0.0,0.732,0.698,0.359,0.0689,171.43099999999995,0.000647,0.00704,80.0,"['detroit hip hop', 'g funk', 'hip hop', 'rap']"
516,0,1,2,2,1,3,0,3,1,9,0.0,0.785,0.648,0.14800000000000002,0.943,160.02,0.0,0.0561,73.0,"['dance pop', 'pop', 'post-teen pop']"
517,0,1,2,3,3,4,2,5,0,17,1.0,0.292,0.5,0.188,0.37,145.879,0.0,0.746,80.0,"['australian pop', 'dance pop', 'neo mellow', 'pop', 'post-teen pop', 'viral pop']"
518,0,1,2,3,3,4,2,5,0,17,1.0,0.7440000000000001,0.612,0.0978,0.527,113.009,2.57e-06,0.125,65.0,"['adult standards', 'canadian pop', 'lounge', 'neo mellow']"
519,0,1,2,3,3,4,2,5,0,17,1.0,0.643,0.75,0.146,0.34299999999999997,107.01700000000001,0.00283,0.00275,55.0,"['indie r&b', 'pop', 'pop rap', 'rap', 'trap soul']"
520,0,1,2,4,3,5,5,4,0,21,1.0,0.6809999999999999,0.575,0.21899999999999997,0.23199999999999998,110.09100000000001,0.0,0.0888,55.0,"['indie r&b', 'pop', 'pop rap', 'rap', 'trap soul']"
521,0,1,1,5,2,6,2,4,1,19,1.0,0.629,0.569,0.135,0.0726,134.035,0.0,0.218,77.0,"['canadian pop', 'pop', 'rap']"
522,0,1,1,5,2,6,2,4,1,19,1.0,0.893,0.519,0.35,0.78,110.09100000000001,0.00103,0.0479,51.0,"['dance pop', 'pop', 'post-teen pop', 'r&b']"
523,0,1,1,5,2,6,2,4,1,19,1.0,0.535,0.726,0.102,0.374,101.214,0.92,0.435,6.0,['karaoke']
524,0,1,2,4,5,1,5,2,1,17,1.0,0.0924,0.444,0.304,0.21899999999999997,108.917,0.0,0.784,70.0,"['hip hop', 'indie r&b', 'lgbtq+ hip hop', 'neo soul', 'pop', 'rap']"
525,0,1,2,4,5,1,5,2,1,17,1.0,0.613,0.742,0.113,0.0996,101.988,0.0,0.00683,36.0,"['canadian contemporary r&b', 'canadian hip hop', 'pop rap', 'r&b', 'trap', 'trap soul']"
526,0,1,2,4,5,1,5,2,1,17,1.0,0.653,0.474,0.0951,0.17300000000000001,90.036,0.000295,0.264,49.0,"['canadian hip hop', 'hip hop', 'indie r&b', 'pop', 'pop rap', 'r&b', 'rap', 'southern hip hop', 'trap music']"
527,1,1,1,2,4,6,5,5,0,22,1.0,0.701,0.5920000000000001,0.327,0.282,129.501,0.0,0.0451,63.0,"['hip hop', 'philly rap', 'pop rap', 'rap', 'southern hip hop', 'trap']"
528,1,1,1,2,4,6,5,5,0,22,1.0,0.5579999999999999,0.831,0.094,0.33799999999999997,141.974,0.0,0.018000000000000002,60.0,"['hip hop', 'memphis hip hop', 'rap', 'southern hip hop', 'tennessee hip hop', 'trap']"
529,1,1,1,2,4,6,5,5,0,22,1.0,0.40399999999999997,0.71,0.0953,0.39799999999999996,139.553,0.0,0.484,73.0,"['hip hop', 'memphis hip hop', 'rap', 'southern hip hop', 'tennessee hip hop', 'trap']"
530,0,0,2,4,5,3,4,3,1,19,1.0,0.733,0.32899999999999996,0.0812,0.317,137.657,0.0103,0.00242,50.0,"['alternative dance', 'indie pop', 'indie rock', 'indietronica', 'modern rock', 'new rave']"
531,0,0,2,4,5,3,4,3,1,19,1.0,0.621,0.69,0.0884,0.4970000000000001,66.858,2.8100000000000002e-05,0.321,68.0,"['conscious hip hop', 'dancehall', 'reggae fusion', 'roots reggae']"
532,0,0,2,4,5,3,4,3,1,19,1.0,0.6559999999999999,0.616,0.281,0.54,79.969,0.000324,0.0737,47.0,[]
533,1,1,2,3,3,3,4,5,0,18,1.0,0.9279999999999999,0.556,0.946,0.551,123.994,0.0025800000000000003,0.0923,34.0,"['dance pop', 'pop', 'post-teen pop']"
534,1,1,2,3,3,3,4,5,0,18,1.0,0.8590000000000001,0.728,0.111,0.535,65.043,0.0,0.0401,79.0,['australian hip hop']
535,1,1,2,3,3,3,4,5,0,18,1.0,0.5870000000000001,0.679,0.13699999999999998,0.486,186.003,6.35e-06,0.141,84.0,"['dfw rap', 'melodic rap', 'rap']"
536,0,1,0,5,5,3,5,5,0,23,1.0,0.48100000000000004,0.6890000000000001,0.0649,0.28300000000000003,80.025,1.03e-06,0.369,81.0,"['pop', 'pop rock']"
537,0,1,0,5,5,3,5,5,0,23,1.0,0.41200000000000003,0.6,0.134,0.408,113.04899999999999,0.0025,0.615,74.0,"['dance pop', 'electropop', 'indie poptimism', 'pop', 'post-teen pop', 'tropical house']"
538,0,1,0,5,5,3,5,5,0,23,1.0,0.627,0.51,0.0927,0.23399999999999999,110.992,0.0,0.431,64.0,"['dance pop', 'pop', 'post-teen pop', 'r&b']"
539,1,1,1,2,3,4,3,3,1,15,0.0,0.774,0.46799999999999997,0.0666,0.408,141.959,0.0,0.0319,54.0,"['anthem worship', 'ccm', 'christian alternative rock', 'christian music', 'christian rock', 'worship']"
540,1,1,1,2,3,4,3,3,1,15,0.0,0.853,0.642,0.361,0.6940000000000001,141.66299999999998,0.00035,0.040999999999999995,56.0,"['mellow gold', 'rock drums', 'soft rock']"
541,1,1,1,2,3,4,3,3,1,15,0.0,0.4970000000000001,0.573,0.354,0.589,90.021,0.0327,1.0199999999999999e-05,0.0,['karaoke']
542,0,1,0,4,5,4,5,5,1,23,1.0,0.773,0.5670000000000001,0.0901,0.731,82.947,0.00011,0.0355,59.0,"['australian dance', 'australian pop', 'dance pop', 'pop']"
543,0,1,0,4,5,4,5,5,1,23,1.0,0.8340000000000001,0.685,0.124,0.7559999999999999,120.044,0.18,0.00562,50.0,['indie rock']
544,0,1,0,4,5,4,5,5,1,23,1.0,0.608,0.8059999999999999,0.635,0.8490000000000001,95.04899999999999,0.0,0.0113,77.0,['pop']
545,0,1,2,0,3,3,1,1,0,8,0.0,0.488,0.927,0.196,0.605,133.987,0.0,0.10800000000000001,79.0,"['canadian hip hop', 'canadian pop', 'hip hop', 'pop rap', 'rap']"
546,0,1,2,0,3,3,1,1,0,8,0.0,0.56,0.853,0.0944,0.86,134.066,0.0,0.013000000000000001,86.0,"['pop', 'post-teen pop']"
547,0,1,2,0,3,3,1,1,0,8,0.0,0.851,0.621,0.887,0.449,90.94,1.4499999999999993e-05,0.0202,61.0,"['dance pop', 'pop', 'post-teen pop', 'r&b']"
548,1,1,2,5,5,5,6,6,1,27,1.0,0.313,0.603,0.184,0.8170000000000001,99.17200000000001,4.5299999999999997e-05,0.248,50.0,"['brill building pop', 'bubblegum pop', 'classic garage rock', 'classic rock', 'folk rock', 'mellow gold', 'merseybeat', 'rock', 'rock-and-roll', 'rockabilly', 'soft rock']"
549,1,1,2,5,5,5,6,6,1,27,1.0,0.442,0.574,0.18899999999999997,0.467,86.43,0.0029,0.19,40.0,"['dance pop', 'pop']"
550,1,1,2,5,5,5,6,6,1,27,1.0,0.809,0.47,0.0491,0.49,151.836,0.00671,0.272,69.0,"['australian alternative rock', 'indietronica', 'modern rock', 'neo-psychedelic', 'psychedelic rock']"
